percent, count
2.92   , 60
2.97   , 56
3.25   , 55
3.54   , 54
3.14   , 54
3.39   , 54
3.37   , 53
3.16   , 52
3.41   , 52
3.52   , 51
3.51   , 50
2.83   , 50
3.13   , 49
3.3    , 48
3.01   , 48
3.48   , 48
2.98   , 47
2.9    , 47
3.35   , 47
3.09   , 47
3.22   , 47
3.21   , 46
3.12   , 46
3.23   , 45
3.03   , 45
3.49   , 45
3.44   , 45
3.27   , 45
2.95   , 45
2.99   , 44
3.2    , 44
2.85   , 43
3.06   , 43
3.1    , 43
2.87   , 43
3.32   , 43
3.4    , 43
2.93   , 42
3.17   , 42
3.05   , 42
3.42   , 42
3.11   , 42
3.18   , 41
3.46   , 41
2.94   , 41
3.5    , 41
2.84   , 40
3.08   , 40
3.07   , 40
2.86   , 39
3.24   , 39
3.53   , 39
3.36   , 39
2.88   , 38
2.91   , 38
3.34   , 38
3.26   , 38
3.55   , 37
3.56   , 37
3.19   , 37
3.0    , 37
3.38   , 37
3.31   , 36
3.33   , 35
3.02   , 35
3.04   , 34
3.28   , 34
3.45   , 34
3.47   , 33
3.15   , 33
3.43   , 32
2.89   , 31
2.96   , 30
3.29   , 30
54.44  , 24
2.82   , 23
54.26  , 22
54.24  , 20
54.43  , 20
54.34  , 20
54.7   , 20
54.3   , 20
55.28  , 19
55.17  , 19
54.64  , 19
54.84  , 19
54.95  , 19
54.28  , 19
54.27  , 19
55.05  , 19
54.25  , 18
54.54  , 18
55.21  , 18
54.97  , 18
55.01  , 18
54.61  , 17
54.36  , 17
54.68  , 17
54.9   , 17
55.08  , 17
55.15  , 17
54.56  , 17
54.37  , 17
54.38  , 17
54.48  , 17
54.79  , 17
55.24  , 16
55.0   , 16
54.46  , 16
54.73  , 16
54.86  , 16
55.31  , 16
54.72  , 16
54.69  , 16
54.63  , 16
54.6   , 16
54.85  , 16
55.02  , 16
55.19  , 15
54.89  , 15
55.18  , 15
54.42  , 15
55.1   , 15
54.87  , 15
54.82  , 15
54.93  , 15
54.71  , 15
55.22  , 15
55.14  , 14
16.31  , 14
54.96  , 14
16.39  , 14
55.2   , 14
16.49  , 14
55.27  , 14
54.98  , 14
55.3   , 14
54.4   , 14
55.34  , 14
55.32  , 14
54.33  , 14
54.8   , 13
54.88  , 13
55.11  , 13
55.29  , 13
54.92  , 13
54.65  , 13
55.04  , 13
54.45  , 13
54.91  , 13
16.43  , 13
54.76  , 13
54.32  , 13
54.49  , 13
54.39  , 12
55.12  , 12
54.78  , 12
55.25  , 12
16.22  , 12
55.06  , 12
55.23  , 12
54.74  , 12
54.51  , 12
54.67  , 12
54.57  , 12
54.31  , 12
54.52  , 12
54.81  , 12
15.68  , 12
16.1   , 12
54.5   , 12
15.87  , 12
15.72  , 11
16.03  , 11
55.07  , 11
16.41  , 11
16.35  , 11
54.41  , 11
55.09  , 11
54.29  , 11
54.94  , 11
54.75  , 11
54.58  , 10
54.83  , 10
55.26  , 10
55.13  , 10
16.11  , 10
16.05  , 10
16.02  , 9
15.94  , 9
54.59  , 9
16.23  , 9
15.77  , 9
16.38  , 9
16.13  , 9
15.73  , 9
67.54  , 9
15.99  , 9
16.44  , 9
35.32  , 9
15.7   , 9
54.35  , 9
16.47  , 9
79.99  , 9
16.18  , 8
16.16  , 8
35.82  , 8
54.53  , 8
42.36  , 8
16.04  , 8
16.4   , 8
16.08  , 8
35.72  , 8
16.45  , 8
15.78  , 8
15.88  , 8
54.66  , 8
81.2   , 8
16.07  , 8
16.32  , 8
15.69  , 8
16.46  , 8
80.45  , 8
93.26  , 8
16.37  , 8
35.31  , 7
35.1   , 7
15.71  , 7
54.99  , 7
16.0   , 7
15.97  , 7
80.81  , 7
35.59  , 7
1.91   , 7
55.33  , 7
54.47  , 7
93.9   , 7
16.34  , 7
80.25  , 7
93.08  , 7
15.74  , 7
9.51   , 7
15.86  , 7
41.49  , 7
15.83  , 7
81.03  , 7
27.62  , 7
54.77  , 7
81.15  , 7
59.24  , 7
15.76  , 7
16.19  , 7
80.19  , 7
35.04  , 7
29.08  , 7
15.91  , 7
6.28   , 7
55.03  , 7
15.92  , 7
28.77  , 7
35.21  , 7
16.17  , 6
6.18   , 6
29.27  , 6
80.69  , 6
9.42   , 6
15.84  , 6
28.53  , 6
35.74  , 6
81.19  , 6
15.95  , 6
6.47   , 6
22.94  , 6
16.2   , 6
2.74   , 6
12.55  , 6
18.99  , 6
15.96  , 6
80.71  , 6
28.64  , 6
15.9   , 6
39.0   , 6
29.39  , 6
11.35  , 6
93.19  , 6
15.02  , 6
14.75  , 6
80.21  , 6
9.5    , 6
0.27   , 6
80.56  , 6
16.3   , 6
9.88   , 6
74.4   , 6
9.62   , 6
35.79  , 6
93.4   , 6
92.85  , 6
25.62  , 6
30.02  , 6
80.39  , 6
15.89  , 6
41.54  , 6
80.05  , 6
42.05  , 6
67.55  , 6
93.2   , 6
41.89  , 6
93.01  , 6
42.16  , 6
92.82  , 6
41.67  , 6
80.33  , 6
16.06  , 6
35.77  , 6
35.71  , 6
80.92  , 6
54.62  , 6
13.14  , 6
55.16  , 6
35.01  , 6
29.45  , 6
30.34  , 6
6.46   , 6
35.35  , 6
12.57  , 6
9.58   , 6
16.12  , 6
10.01  , 6
16.51  , 6
16.48  , 6
80.51  , 6
16.26  , 6
80.67  , 6
16.01  , 6
74.06  , 6
35.89  , 6
42.19  , 6
40.74  , 5
92.95  , 5
11.2   , 5
28.67  , 5
93.13  , 5
22.5   , 5
28.82  , 5
74.15  , 5
92.91  , 5
35.12  , 5
41.71  , 5
93.04  , 5
86.53  , 5
16.15  , 5
29.05  , 5
80.68  , 5
93.7   , 5
42.18  , 5
12.58  , 5
54.55  , 5
80.9   , 5
31.9   , 5
9.6    , 5
73.62  , 5
80.63  , 5
16.42  , 5
93.35  , 5
93.43  , 5
94.01  , 5
93.1   , 5
24.02  , 5
93.18  , 5
80.48  , 5
93.74  , 5
35.26  , 5
93.25  , 5
31.52  , 5
80.52  , 5
28.95  , 5
58.47  , 5
35.46  , 5
10.81  , 5
92.8   , 5
22.33  , 5
16.28  , 5
67.9   , 5
28.54  , 5
42.03  , 5
93.22  , 5
42.0   , 5
0.01   , 5
67.74  , 5
44.59  , 5
79.94  , 5
68.22  , 5
16.5   , 5
35.85  , 5
33.95  , 5
16.25  , 5
32.07  , 5
67.7   , 5
42.04  , 5
28.9   , 5
80.55  , 5
93.46  , 5
5.22   , 5
41.91  , 5
93.52  , 5
0.21   , 5
86.96  , 5
34.98  , 5
68.03  , 5
93.45  , 5
34.26  , 5
74.42  , 5
35.41  , 5
94.05  , 5
93.84  , 5
9.84   , 5
28.66  , 5
32.2   , 5
2.49   , 5
6.25   , 5
17.51  , 5
29.2   , 5
29.16  , 5
9.65   , 5
28.51  , 5
74.73  , 5
93.36  , 5
93.8   , 5
25.65  , 5
5.17   , 5
22.49  , 5
41.61  , 5
0.12   , 5
6.4    , 5
93.73  , 5
12.71  , 5
81.13  , 5
22.53  , 5
29.38  , 5
29.25  , 5
48.27  , 5
6.36   , 5
16.36  , 5
35.63  , 5
22.6   , 5
6.42   , 5
9.28   , 5
16.27  , 5
35.47  , 5
28.65  , 5
80.2   , 5
15.79  , 5
92.97  , 5
9.83   , 5
93.77  , 5
8.37   , 5
83.76  , 5
9.68   , 5
6.35   , 5
15.93  , 5
35.65  , 5
93.95  , 5
80.78  , 5
2.62   , 5
4.42   , 5
7.85   , 5
20.76  , 5
94.15  , 5
30.79  , 5
93.66  , 5
15.81  , 5
9.31   , 5
81.18  , 5
80.34  , 5
80.04  , 5
41.75  , 5
52.82  , 5
17.9   , 5
79.98  , 5
32.09  , 5
20.52  , 5
93.91  , 5
9.7    , 5
1.56   , 5
9.34   , 5
42.11  , 5
94.1   , 5
93.83  , 5
74.46  , 4
29.61  , 4
1.21   , 4
35.83  , 4
12.99  , 4
47.97  , 4
21.02  , 4
29.26  , 4
49.78  , 4
81.11  , 4
74.18  , 4
93.75  , 4
93.72  , 4
74.01  , 4
19.09  , 4
67.36  , 4
2.43   , 4
22.1   , 4
80.35  , 4
35.58  , 4
93.53  , 4
93.56  , 4
93.57  , 4
30.25  , 4
93.68  , 4
13.24  , 4
24.4   , 4
67.98  , 4
20.8   , 4
22.7   , 4
27.42  , 4
11.52  , 4
47.96  , 4
80.8   , 4
1.24   , 4
67.52  , 4
81.23  , 4
67.27  , 4
23.74  , 4
36.84  , 4
94.14  , 4
6.48   , 4
15.8   , 4
28.17  , 4
57.53  , 4
13.18  , 4
6.41   , 4
67.37  , 4
22.69  , 4
29.11  , 4
83.41  , 4
68.07  , 4
93.41  , 4
64.68  , 4
93.98  , 4
16.14  , 4
41.5   , 4
80.29  , 4
93.15  , 4
26.83  , 4
24.57  , 4
35.02  , 4
67.61  , 4
35.39  , 4
41.76  , 4
26.18  , 4
19.73  , 4
29.47  , 4
30.47  , 4
93.29  , 4
93.51  , 4
81.02  , 4
64.14  , 4
80.93  , 4
12.94  , 4
6.22   , 4
9.69   , 4
20.78  , 4
29.34  , 4
44.22  , 4
21.65  , 4
30.36  , 4
80.84  , 4
1.64   , 4
6.64   , 4
4.56   , 4
67.77  , 4
68.08  , 4
48.63  , 4
32.17  , 4
35.29  , 4
43.85  , 4
57.33  , 4
29.15  , 4
93.58  , 4
34.99  , 4
27.86  , 4
9.81   , 4
51.94  , 4
35.61  , 4
19.64  , 4
25.44  , 4
7.66   , 4
80.22  , 4
10.9   , 4
75.08  , 4
57.8   , 4
7.75   , 4
20.85  , 4
80.18  , 4
35.4   , 4
73.66  , 4
15.98  , 4
41.7   , 4
53.07  , 4
6.71   , 4
35.11  , 4
16.24  , 4
94.16  , 4
30.21  , 4
9.52   , 4
35.8   , 4
30.73  , 4
59.53  , 4
13.71  , 4
80.44  , 4
44.77  , 4
9.92   , 4
6.52   , 4
93.59  , 4
9.57   , 4
83.92  , 4
35.88  , 4
42.13  , 4
41.41  , 4
93.64  , 4
18.71  , 4
33.67  , 4
87.0   , 4
49.16  , 4
80.13  , 4
50.43  , 4
40.57  , 4
71.26  , 4
19.45  , 4
31.74  , 4
35.62  , 4
0.93   , 4
35.37  , 4
30.96  , 4
6.59   , 4
73.94  , 4
6.3    , 4
35.09  , 4
56.19  , 4
23.1   , 4
8.14   , 4
14.71  , 4
6.09   , 4
80.38  , 4
12.68  , 4
6.66   , 4
0.23   , 4
35.87  , 4
41.38  , 4
9.35   , 4
47.86  , 4
80.76  , 4
93.93  , 4
94.04  , 4
62.35  , 4
12.9   , 4
2.24   , 4
29.55  , 4
5.47   , 4
81.21  , 4
48.57  , 4
48.38  , 4
28.8   , 4
13.3   , 4
67.58  , 4
37.48  , 4
24.21  , 4
0.38   , 4
80.01  , 4
67.44  , 4
77.85  , 4
6.58   , 4
61.58  , 4
80.32  , 4
19.57  , 4
1.66   , 4
9.89   , 4
11.56  , 4
9.47   , 4
24.48  , 4
30.65  , 4
29.35  , 4
24.42  , 4
26.97  , 4
68.05  , 4
68.26  , 4
35.23  , 4
73.84  , 4
29.4   , 4
16.86  , 4
22.35  , 4
16.09  , 4
86.97  , 4
30.39  , 4
41.81  , 4
20.64  , 4
45.63  , 4
14.37  , 4
11.15  , 4
9.39   , 4
52.07  , 4
48.26  , 4
80.98  , 4
3.64   , 4
35.22  , 4
93.63  , 4
6.6    , 4
28.69  , 4
41.44  , 4
17.5   , 4
86.73  , 4
11.21  , 4
27.7   , 4
73.59  , 4
29.1   , 4
99.47  , 4
5.28   , 4
9.67   , 4
37.63  , 4
90.75  , 4
32.6   , 4
57.79  , 4
19.35  , 4
12.37  , 4
15.82  , 4
25.18  , 4
8.19   , 4
35.18  , 4
12.86  , 4
12.95  , 4
6.44   , 4
13.77  , 4
80.91  , 4
34.73  , 4
80.83  , 4
94.17  , 4
23.23  , 4
11.24  , 4
0.69   , 4
9.73   , 4
4.09   , 4
8.42   , 4
6.74   , 4
67.28  , 4
48.03  , 4
0.35   , 4
15.75  , 4
20.57  , 4
29.32  , 4
28.88  , 4
93.48  , 4
41.85  , 4
80.27  , 4
36.24  , 4
9.82   , 4
18.06  , 4
19.07  , 4
86.38  , 4
41.6   , 4
7.29   , 4
17.09  , 4
84.95  , 4
42.12  , 4
9.26   , 4
81.08  , 4
11.06  , 4
67.31  , 4
4.24   , 4
81.0   , 4
12.54  , 4
58.77  , 4
22.44  , 4
51.81  , 4
28.59  , 4
17.58  , 4
20.71  , 4
34.97  , 4
22.85  , 4
41.87  , 4
55.95  , 4
35.76  , 4
22.36  , 4
94.12  , 4
64.72  , 4
64.53  , 4
67.19  , 4
38.62  , 4
42.2   , 4
41.84  , 4
27.81  , 4
87.66  , 4
40.22  , 4
28.39  , 4
64.34  , 4
14.93  , 4
6.11   , 4
92.89  , 4
55.96  , 4
28.61  , 4
67.43  , 4
80.31  , 4
19.72  , 4
80.23  , 4
80.53  , 4
1.38   , 4
48.8   , 4
22.59  , 4
42.3   , 4
28.93  , 4
29.37  , 4
93.33  , 4
32.92  , 4
72.06  , 4
52.0   , 4
6.38   , 4
22.81  , 4
16.33  , 4
28.74  , 4
16.29  , 4
22.79  , 4
95.09  , 4
48.11  , 4
80.26  , 3
9.85   , 3
25.41  , 3
8.22   , 3
22.32  , 3
48.33  , 3
91.58  , 3
7.88   , 3
93.54  , 3
38.83  , 3
5.03   , 3
63.22  , 3
93.16  , 3
76.27  , 3
80.5   , 3
73.49  , 3
35.69  , 3
88.56  , 3
14.48  , 3
49.88  , 3
79.29  , 3
23.13  , 3
73.83  , 3
7.84   , 3
86.74  , 3
73.82  , 3
16.66  , 3
67.42  , 3
67.4   , 3
26.09  , 3
35.53  , 3
6.51   , 3
71.62  , 3
51.7   , 3
8.51   , 3
0.15   , 3
80.49  , 3
97.39  , 3
21.75  , 3
38.77  , 3
30.57  , 3
19.6   , 3
39.12  , 3
0.32   , 3
69.0   , 3
19.53  , 3
35.2   , 3
93.14  , 3
61.31  , 3
80.0   , 3
7.04   , 3
81.22  , 3
21.2   , 3
70.52  , 3
29.36  , 3
18.35  , 3
22.48  , 3
13.88  , 3
34.3   , 3
81.09  , 3
34.5   , 3
15.34  , 3
93.31  , 3
25.87  , 3
10.96  , 3
27.79  , 3
77.84  , 3
76.22  , 3
51.13  , 3
37.92  , 3
84.52  , 3
80.4   , 3
69.14  , 3
5.72   , 3
30.72  , 3
61.93  , 3
5.41   , 3
73.05  , 3
86.71  , 3
27.32  , 3
2.14   , 3
43.69  , 3
79.06  , 3
94.13  , 3
6.62   , 3
13.31  , 3
84.82  , 3
19.16  , 3
97.18  , 3
25.43  , 3
75.12  , 3
8.45   , 3
3.96   , 3
42.31  , 3
7.86   , 3
2.58   , 3
63.99  , 3
75.89  , 3
6.76   , 3
72.19  , 3
56.62  , 3
48.98  , 3
25.51  , 3
24.35  , 3
1.76   , 3
75.64  , 3
38.48  , 3
33.75  , 3
12.83  , 3
9.48   , 3
50.55  , 3
18.73  , 3
60.95  , 3
1.65   , 3
28.73  , 3
33.55  , 3
71.36  , 3
97.91  , 3
24.85  , 3
65.83  , 3
15.85  , 3
5.25   , 3
50.0   , 3
11.83  , 3
35.54  , 3
12.24  , 3
74.49  , 3
38.54  , 3
58.52  , 3
86.77  , 3
9.72   , 3
73.88  , 3
22.78  , 3
20.65  , 3
45.39  , 3
4.08   , 3
73.81  , 3
0.73   , 3
58.35  , 3
21.05  , 3
31.97  , 3
34.78  , 3
83.94  , 3
95.51  , 3
53.29  , 3
33.5   , 3
66.59  , 3
48.06  , 3
90.17  , 3
22.67  , 3
60.02  , 3
35.57  , 3
27.43  , 3
42.09  , 3
18.02  , 3
84.23  , 3
93.17  , 3
87.19  , 3
70.32  , 3
82.5   , 3
93.65  , 3
42.01  , 3
10.58  , 3
30.85  , 3
46.65  , 3
36.57  , 3
64.38  , 3
50.26  , 3
58.28  , 3
64.2   , 3
27.58  , 3
19.2   , 3
35.66  , 3
83.48  , 3
49.72  , 3
9.87   , 3
80.89  , 3
33.99  , 3
4.23   , 3
20.13  , 3
95.62  , 3
31.64  , 3
40.64  , 3
84.2   , 3
45.15  , 3
9.71   , 3
85.72  , 3
20.15  , 3
81.53  , 3
42.71  , 3
48.44  , 3
11.43  , 3
56.08  , 3
7.25   , 3
62.8   , 3
39.32  , 3
32.82  , 3
0.75   , 3
0.2    , 3
19.54  , 3
92.52  , 3
67.09  , 3
69.11  , 3
50.53  , 3
38.79  , 3
17.34  , 3
19.0   , 3
22.23  , 3
81.1   , 3
19.68  , 3
96.14  , 3
18.94  , 3
74.92  , 3
57.98  , 3
89.87  , 3
79.62  , 3
84.87  , 3
54.23  , 3
37.4   , 3
68.16  , 3
0.43   , 3
64.26  , 3
18.19  , 3
22.15  , 3
0.03   , 3
92.87  , 3
20.87  , 3
83.31  , 3
71.98  , 3
63.38  , 3
4.85   , 3
74.22  , 3
46.94  , 3
6.12   , 3
19.25  , 3
76.95  , 3
1.9    , 3
86.41  , 3
19.1   , 3
92.86  , 3
44.64  , 3
72.54  , 3
92.96  , 3
34.82  , 3
30.19  , 3
9.96   , 3
41.47  , 3
10.25  , 3
51.37  , 3
96.1   , 3
0.06   , 3
35.07  , 3
27.9   , 3
6.08   , 3
85.17  , 3
29.59  , 3
26.41  , 3
48.09  , 3
32.16  , 3
63.9   , 3
17.81  , 3
67.17  , 3
17.68  , 3
7.89   , 3
57.6   , 3
23.01  , 3
65.21  , 3
28.52  , 3
9.95   , 3
28.96  , 3
8.47   , 3
0.84   , 3
76.93  , 3
92.83  , 3
21.37  , 3
27.6   , 3
88.5   , 3
60.15  , 3
0.66   , 3
66.83  , 3
12.59  , 3
17.38  , 3
22.18  , 3
6.37   , 3
74.33  , 3
52.67  , 3
2.42   , 3
24.62  , 3
42.33  , 3
25.4   , 3
65.6   , 3
83.44  , 3
44.62  , 3
15.19  , 3
94.73  , 3
75.86  , 3
39.86  , 3
49.86  , 3
67.11  , 3
75.15  , 3
79.1   , 3
69.61  , 3
26.1   , 3
46.44  , 3
21.45  , 3
9.29   , 3
26.39  , 3
84.03  , 3
89.73  , 3
90.31  , 3
8.71   , 3
49.62  , 3
12.46  , 3
21.17  , 3
59.05  , 3
67.15  , 3
25.48  , 3
51.1   , 3
58.9   , 3
92.81  , 3
92.94  , 3
3.87   , 3
55.85  , 3
92.9   , 3
5.06   , 3
57.2   , 3
22.03  , 3
5.76   , 3
94.06  , 3
67.75  , 3
51.9   , 3
44.41  , 3
59.17  , 3
68.18  , 3
80.03  , 3
47.01  , 3
42.22  , 3
6.04   , 3
34.95  , 3
41.45  , 3
8.52   , 3
31.81  , 3
48.1   , 3
34.04  , 3
44.33  , 3
69.65  , 3
91.19  , 3
39.93  , 3
41.48  , 3
1.6    , 3
12.48  , 3
44.67  , 3
9.41   , 3
74.56  , 3
93.39  , 3
30.7   , 3
41.42  , 3
62.52  , 3
74.65  , 3
80.42  , 3
92.93  , 3
41.98  , 3
48.64  , 3
9.08   , 3
27.14  , 3
26.47  , 3
28.44  , 3
21.12  , 3
9.32   , 3
83.86  , 3
34.96  , 3
4.1    , 3
49.33  , 3
82.07  , 3
41.64  , 3
35.06  , 3
86.42  , 3
34.2   , 3
31.28  , 3
35.0   , 3
50.41  , 3
42.38  , 3
60.98  , 3
35.91  , 3
8.53   , 3
58.69  , 3
76.82  , 3
17.35  , 3
52.51  , 3
86.47  , 3
68.15  , 3
5.08   , 3
22.11  , 3
86.29  , 3
87.39  , 3
45.98  , 3
18.92  , 3
34.36  , 3
79.96  , 3
19.97  , 3
20.18  , 3
7.81   , 3
67.14  , 3
14.73  , 3
44.03  , 3
34.7   , 3
21.18  , 3
36.18  , 3
42.23  , 3
7.82   , 3
0.54   , 3
30.44  , 3
35.45  , 3
45.99  , 3
76.13  , 3
42.78  , 3
14.52  , 3
29.3   , 3
5.44   , 3
34.32  , 3
40.34  , 3
93.5   , 3
67.89  , 3
17.17  , 3
52.99  , 3
33.96  , 3
69.83  , 3
67.79  , 3
28.7   , 3
96.26  , 3
6.69   , 3
42.35  , 3
52.4   , 3
81.96  , 3
93.88  , 3
36.33  , 3
77.72  , 3
67.68  , 3
33.64  , 3
20.28  , 3
74.63  , 3
18.25  , 3
73.78  , 3
41.56  , 3
48.19  , 3
88.77  , 3
19.83  , 3
19.33  , 3
13.27  , 3
35.43  , 3
16.21  , 3
35.51  , 3
9.91   , 3
17.76  , 3
80.15  , 3
67.48  , 3
87.04  , 3
46.97  , 3
50.42  , 3
6.98   , 3
9.99   , 3
89.78  , 3
21.24  , 3
6.43   , 3
6.79   , 3
89.44  , 3
4.59   , 3
19.93  , 3
52.11  , 3
1.67   , 3
44.78  , 3
38.55  , 3
22.26  , 3
80.61  , 3
28.08  , 3
41.53  , 3
93.6   , 3
86.7   , 3
57.65  , 3
20.6   , 3
11.88  , 3
37.1   , 3
70.63  , 3
93.97  , 3
35.7   , 3
92.99  , 3
68.11  , 3
85.44  , 3
87.42  , 3
30.27  , 3
94.11  , 3
37.58  , 3
41.18  , 3
84.39  , 3
30.97  , 3
80.62  , 3
14.87  , 3
74.59  , 3
73.75  , 3
3.73   , 3
65.39  , 3
56.32  , 3
80.66  , 3
17.24  , 3
80.7   , 3
87.3   , 3
65.54  , 3
67.62  , 3
26.05  , 3
56.01  , 3
2.23   , 3
57.59  , 3
52.58  , 3
69.45  , 3
13.16  , 3
11.23  , 3
26.44  , 3
13.52  , 3
84.26  , 3
16.6   , 3
6.57   , 3
56.88  , 3
3.72   , 3
41.83  , 3
28.72  , 3
68.0   , 3
81.3   , 3
22.21  , 3
7.49   , 3
82.51  , 3
41.99  , 3
14.17  , 3
32.66  , 3
53.39  , 3
12.91  , 3
11.02  , 3
48.31  , 3
1.36   , 3
51.27  , 3
14.28  , 3
56.06  , 3
1.19   , 3
61.41  , 3
29.23  , 3
25.97  , 3
99.41  , 3
83.4   , 3
67.72  , 3
22.62  , 3
50.71  , 3
93.06  , 3
68.04  , 3
27.85  , 3
86.62  , 3
28.71  , 3
64.93  , 3
82.2   , 3
84.92  , 3
18.86  , 3
83.43  , 3
93.62  , 3
29.24  , 3
89.74  , 3
80.11  , 3
62.3   , 3
74.02  , 3
43.75  , 3
23.88  , 3
97.76  , 3
43.78  , 3
27.61  , 3
18.61  , 3
80.88  , 3
72.1   , 3
40.1   , 3
93.03  , 3
40.68  , 3
18.52  , 3
93.94  , 3
25.47  , 3
28.48  , 3
87.7   , 3
2.03   , 3
41.97  , 3
82.03  , 3
19.9   , 3
47.09  , 3
25.03  , 3
51.52  , 3
41.59  , 3
67.32  , 3
29.92  , 3
97.42  , 3
85.83  , 3
59.93  , 3
36.58  , 3
41.86  , 3
18.75  , 3
30.86  , 3
74.1   , 3
67.33  , 3
13.66  , 3
74.57  , 3
90.59  , 3
35.15  , 3
67.73  , 3
52.27  , 3
77.2   , 3
98.4   , 3
71.35  , 3
18.32  , 3
6.17   , 3
36.11  , 3
54.06  , 3
93.3   , 3
18.4   , 3
1.68   , 3
33.7   , 3
97.33  , 3
50.13  , 3
35.84  , 3
13.0   , 3
4.91   , 3
29.95  , 3
0.24   , 3
63.0   , 3
32.38  , 3
37.04  , 3
0.45   , 3
23.25  , 3
12.78  , 3
19.18  , 3
13.69  , 3
9.97   , 3
22.77  , 3
17.73  , 3
92.1   , 3
6.54   , 3
11.49  , 3
74.2   , 3
9.53   , 3
48.61  , 3
9.79   , 3
41.95  , 3
21.06  , 3
26.56  , 3
28.86  , 3
6.31   , 3
64.89  , 3
56.35  , 3
61.67  , 3
67.51  , 3
6.55   , 3
35.3   , 3
11.69  , 3
51.93  , 3
15.17  , 3
57.63  , 3
67.53  , 3
19.22  , 3
80.79  , 3
24.58  , 3
14.35  , 3
80.43  , 3
28.94  , 3
86.55  , 3
58.97  , 3
20.79  , 3
1.83   , 3
18.44  , 3
62.81  , 3
47.29  , 3
6.63   , 3
41.62  , 3
6.8    , 3
81.07  , 3
43.79  , 3
28.42  , 3
99.86  , 3
82.65  , 3
67.63  , 3
58.51  , 3
93.11  , 3
6.21   , 3
35.78  , 3
84.15  , 3
32.48  , 3
93.27  , 3
40.37  , 3
15.54  , 3
93.69  , 3
80.85  , 3
92.44  , 3
11.53  , 3
80.37  , 3
11.17  , 3
49.94  , 3
28.84  , 3
69.91  , 3
97.54  , 3
40.72  , 3
9.93   , 3
44.65  , 3
25.9   , 3
73.99  , 3
49.36  , 3
0.17   , 3
87.69  , 3
8.83   , 3
46.67  , 3
98.1   , 3
22.88  , 3
9.15   , 3
67.86  , 3
19.95  , 3
96.38  , 3
57.36  , 3
35.67  , 3
61.03  , 3
31.06  , 3
86.81  , 3
0.25   , 3
6.56   , 3
35.27  , 3
0.29   , 3
11.95  , 3
38.49  , 3
41.82  , 3
86.0   , 3
46.74  , 3
69.17  , 3
22.71  , 3
40.11  , 3
27.28  , 3
93.24  , 3
8.0    , 3
70.83  , 3
42.1   , 3
41.22  , 3
11.39  , 3
5.82   , 3
21.0   , 3
4.01   , 3
3.9    , 3
95.82  , 3
35.75  , 3
93.12  , 3
57.74  , 3
85.98  , 3
45.53  , 3
66.35  , 3
31.05  , 3
67.47  , 3
94.08  , 3
94.33  , 3
2.73   , 3
11.11  , 3
11.91  , 3
8.99   , 3
24.19  , 3
9.8    , 3
29.12  , 3
93.23  , 3
49.77  , 3
38.82  , 3
31.03  , 3
48.34  , 3
0.3    , 3
5.55   , 3
12.01  , 3
74.25  , 3
44.91  , 3
32.84  , 3
22.46  , 3
25.82  , 3
47.63  , 3
23.59  , 3
35.25  , 3
61.36  , 3
67.84  , 3
83.65  , 3
68.56  , 3
68.14  , 3
9.64   , 3
49.17  , 3
34.06  , 3
64.87  , 3
77.15  , 3
0.1    , 3
29.75  , 3
7.13   , 3
35.5   , 3
96.68  , 3
93.79  , 3
25.68  , 3
77.05  , 3
23.06  , 3
46.51  , 3
32.36  , 3
41.8   , 3
46.16  , 3
33.43  , 3
10.02  , 3
25.91  , 3
12.1   , 3
25.99  , 3
18.36  , 3
43.01  , 3
25.58  , 3
83.98  , 3
32.12  , 3
13.91  , 3
1.73   , 3
41.05  , 2
10.93  , 2
68.2   , 2
24.11  , 2
1.41   , 2
56.54  , 2
82.7   , 2
73.54  , 2
5.83   , 2
53.45  , 2
9.43   , 2
10.18  , 2
50.84  , 2
22.9   , 2
90.27  , 2
38.36  , 2
6.67   , 2
4.53   , 2
74.93  , 2
7.63   , 2
59.42  , 2
81.63  , 2
40.81  , 2
31.37  , 2
56.5   , 2
67.26  , 2
6.82   , 2
80.09  , 2
67.99  , 2
92.33  , 2
67.67  , 2
31.65  , 2
38.31  , 2
34.07  , 2
84.06  , 2
69.41  , 2
0.72   , 2
82.91  , 2
79.56  , 2
10.97  , 2
67.01  , 2
64.8   , 2
87.88  , 2
2.04   , 2
21.22  , 2
63.27  , 2
43.96  , 2
22.82  , 2
75.43  , 2
30.2   , 2
32.7   , 2
7.62   , 2
53.03  , 2
36.73  , 2
38.96  , 2
11.51  , 2
19.06  , 2
65.57  , 2
27.11  , 2
54.2   , 2
85.05  , 2
64.5   , 2
72.74  , 2
87.79  , 2
10.94  , 2
26.37  , 2
49.14  , 2
52.5   , 2
30.83  , 2
22.75  , 2
14.22  , 2
72.84  , 2
23.0   , 2
68.29  , 2
88.97  , 2
35.48  , 2
99.43  , 2
2.19   , 2
73.69  , 2
37.61  , 2
49.49  , 2
72.56  , 2
9.12   , 2
18.23  , 2
51.84  , 2
70.74  , 2
71.34  , 2
38.34  , 2
76.86  , 2
23.03  , 2
83.3   , 2
96.76  , 2
86.24  , 2
7.61   , 2
8.88   , 2
77.94  , 2
74.61  , 2
43.56  , 2
27.4   , 2
37.78  , 2
84.18  , 2
32.81  , 2
8.2    , 2
42.37  , 2
69.44  , 2
20.69  , 2
73.58  , 2
36.3   , 2
3.75   , 2
52.1   , 2
1.77   , 2
59.44  , 2
1.99   , 2
93.02  , 2
66.07  , 2
15.01  , 2
64.81  , 2
42.64  , 2
41.55  , 2
15.4   , 2
52.45  , 2
32.54  , 2
50.35  , 2
97.16  , 2
12.42  , 2
46.28  , 2
7.4    , 2
97.83  , 2
97.99  , 2
25.55  , 2
43.15  , 2
39.43  , 2
63.6   , 2
24.51  , 2
14.55  , 2
32.68  , 2
6.1    , 2
4.22   , 2
45.52  , 2
85.09  , 2
6.97   , 2
7.16   , 2
12.19  , 2
13.41  , 2
56.34  , 2
57.58  , 2
87.49  , 2
37.21  , 2
69.39  , 2
1.29   , 2
99.51  , 2
96.78  , 2
31.89  , 2
92.6   , 2
38.57  , 2
56.13  , 2
56.3   , 2
43.0   , 2
43.7   , 2
87.89  , 2
57.67  , 2
76.83  , 2
77.78  , 2
29.44  , 2
48.65  , 2
42.29  , 2
93.89  , 2
83.27  , 2
19.69  , 2
97.04  , 2
8.01   , 2
60.33  , 2
33.44  , 2
28.6   , 2
58.84  , 2
9.14   , 2
84.1   , 2
26.81  , 2
4.47   , 2
5.32   , 2
6.15   , 2
72.14  , 2
16.78  , 2
43.13  , 2
80.24  , 2
45.24  , 2
71.28  , 2
72.35  , 2
33.73  , 2
43.28  , 2
62.94  , 2
69.68  , 2
53.68  , 2
36.16  , 2
19.05  , 2
50.02  , 2
88.07  , 2
3.91   , 2
22.31  , 2
22.25  , 2
60.77  , 2
6.61   , 2
0.57   , 2
2.57   , 2
2.2    , 2
32.73  , 2
12.64  , 2
20.67  , 2
31.17  , 2
99.42  , 2
7.95   , 2
35.05  , 2
75.93  , 2
26.2   , 2
29.28  , 2
56.91  , 2
90.2   , 2
78.58  , 2
17.02  , 2
43.83  , 2
77.47  , 2
60.81  , 2
18.28  , 2
90.8   , 2
62.36  , 2
59.58  , 2
92.92  , 2
37.8   , 2
33.03  , 2
9.19   , 2
66.78  , 2
0.95   , 2
97.63  , 2
62.25  , 2
92.31  , 2
29.09  , 2
30.8   , 2
66.0   , 2
17.29  , 2
23.44  , 2
71.72  , 2
68.57  , 2
92.36  , 2
40.14  , 2
38.2   , 2
57.12  , 2
43.44  , 2
55.7   , 2
86.95  , 2
53.22  , 2
26.77  , 2
24.12  , 2
42.4   , 2
62.47  , 2
67.95  , 2
41.39  , 2
52.31  , 2
81.16  , 2
71.11  , 2
77.48  , 2
15.05  , 2
39.17  , 2
66.42  , 2
56.67  , 2
7.43   , 2
83.52  , 2
60.28  , 2
78.35  , 2
14.53  , 2
92.2   , 2
45.66  , 2
56.76  , 2
10.73  , 2
10.41  , 2
90.76  , 2
13.5   , 2
2.3    , 2
26.11  , 2
11.94  , 2
87.41  , 2
21.09  , 2
22.51  , 2
96.83  , 2
28.5   , 2
99.27  , 2
47.98  , 2
11.33  , 2
8.75   , 2
68.25  , 2
64.33  , 2
9.1    , 2
84.0   , 2
45.08  , 2
37.9   , 2
66.66  , 2
41.78  , 2
64.64  , 2
92.53  , 2
67.56  , 2
20.38  , 2
48.23  , 2
59.5   , 2
68.77  , 2
84.63  , 2
93.34  , 2
6.34   , 2
31.04  , 2
64.15  , 2
39.76  , 2
35.98  , 2
89.5   , 2
29.29  , 2
65.53  , 2
24.71  , 2
21.41  , 2
64.4   , 2
78.74  , 2
76.48  , 2
95.8   , 2
85.97  , 2
83.73  , 2
79.3   , 2
13.63  , 2
20.88  , 2
74.53  , 2
34.58  , 2
50.64  , 2
40.19  , 2
55.51  , 2
73.18  , 2
89.07  , 2
6.05   , 2
83.67  , 2
66.27  , 2
21.19  , 2
0.42   , 2
84.73  , 2
60.87  , 2
62.79  , 2
67.82  , 2
17.63  , 2
4.68   , 2
95.5   , 2
65.47  , 2
19.01  , 2
12.72  , 2
86.67  , 2
52.79  , 2
11.1   , 2
76.9   , 2
20.74  , 2
85.52  , 2
40.26  , 2
86.54  , 2
73.16  , 2
46.04  , 2
73.53  , 2
53.6   , 2
62.75  , 2
4.83   , 2
45.04  , 2
8.62   , 2
11.4   , 2
82.75  , 2
14.11  , 2
60.63  , 2
93.38  , 2
9.16   , 2
33.22  , 2
31.31  , 2
31.88  , 2
2.22   , 2
11.04  , 2
95.05  , 2
80.95  , 2
17.55  , 2
52.63  , 2
4.26   , 2
44.87  , 2
75.07  , 2
68.02  , 2
55.37  , 2
90.53  , 2
19.08  , 2
12.82  , 2
45.76  , 2
3.74   , 2
21.49  , 2
100.0  , 2
70.48  , 2
93.0   , 2
57.56  , 2
2.28   , 2
17.97  , 2
75.0   , 2
7.59   , 2
20.89  , 2
1.23   , 2
39.15  , 2
11.55  , 2
80.75  , 2
2.27   , 2
79.13  , 2
65.2   , 2
9.07   , 2
47.8   , 2
74.96  , 2
43.88  , 2
85.84  , 2
87.64  , 2
36.98  , 2
27.75  , 2
61.82  , 2
49.03  , 2
32.33  , 2
67.83  , 2
18.53  , 2
37.38  , 2
74.29  , 2
32.24  , 2
35.56  , 2
77.81  , 2
55.76  , 2
32.14  , 2
70.61  , 2
10.48  , 2
78.86  , 2
32.5   , 2
24.09  , 2
31.35  , 2
59.68  , 2
95.41  , 2
83.72  , 2
32.93  , 2
8.85   , 2
76.74  , 2
87.55  , 2
32.15  , 2
59.55  , 2
17.74  , 2
32.99  , 2
40.39  , 2
36.5   , 2
89.35  , 2
37.27  , 2
63.29  , 2
51.58  , 2
28.49  , 2
23.15  , 2
89.14  , 2
74.03  , 2
35.36  , 2
22.84  , 2
81.94  , 2
78.17  , 2
97.6   , 2
34.16  , 2
83.32  , 2
20.34  , 2
89.06  , 2
41.65  , 2
23.2   , 2
80.28  , 2
82.67  , 2
8.12   , 2
73.15  , 2
83.39  , 2
1.31   , 2
97.84  , 2
11.76  , 2
24.69  , 2
42.32  , 2
99.37  , 2
23.92  , 2
64.61  , 2
80.02  , 2
5.77   , 2
36.41  , 2
84.02  , 2
14.98  , 2
85.8   , 2
39.74  , 2
75.19  , 2
66.65  , 2
76.89  , 2
93.85  , 2
20.03  , 2
28.75  , 2
14.82  , 2
1.39   , 2
67.38  , 2
89.91  , 2
26.87  , 2
94.02  , 2
4.82   , 2
61.81  , 2
26.6   , 2
12.14  , 2
84.88  , 2
84.66  , 2
19.98  , 2
80.17  , 2
16.72  , 2
77.54  , 2
49.93  , 2
88.91  , 2
22.76  , 2
12.6   , 2
36.4   , 2
4.93   , 2
21.35  , 2
49.97  , 2
20.02  , 2
32.52  , 2
6.13   , 2
34.24  , 2
80.12  , 2
81.14  , 2
76.14  , 2
42.41  , 2
64.36  , 2
48.32  , 2
9.46   , 2
9.04   , 2
91.53  , 2
82.21  , 2
11.07  , 2
90.84  , 2
98.84  , 2
57.75  , 2
46.08  , 2
61.61  , 2
92.64  , 2
64.02  , 2
67.41  , 2
63.95  , 2
18.6   , 2
87.73  , 2
51.31  , 2
85.35  , 2
78.09  , 2
99.78  , 2
74.44  , 2
10.34  , 2
51.2   , 2
42.14  , 2
74.07  , 2
7.1    , 2
55.55  , 2
58.72  , 2
17.85  , 2
26.13  , 2
30.45  , 2
50.91  , 2
6.24   , 2
51.82  , 2
20.81  , 2
13.99  , 2
81.39  , 2
8.94   , 2
80.97  , 2
73.86  , 2
24.31  , 2
9.86   , 2
85.19  , 2
26.36  , 2
34.89  , 2
58.05  , 2
35.38  , 2
83.85  , 2
32.61  , 2
30.22  , 2
79.37  , 2
76.81  , 2
68.12  , 2
95.39  , 2
13.17  , 2
67.59  , 2
67.39  , 2
55.72  , 2
81.05  , 2
79.23  , 2
88.29  , 2
21.69  , 2
1.84   , 2
21.5   , 2
49.67  , 2
31.67  , 2
77.52  , 2
12.4   , 2
36.65  , 2
9.36   , 2
44.85  , 2
11.98  , 2
97.29  , 2
95.12  , 2
44.32  , 2
9.33   , 2
10.4   , 2
28.89  , 2
10.57  , 2
3.93   , 2
86.49  , 2
76.94  , 2
49.56  , 2
96.25  , 2
90.61  , 2
38.26  , 2
14.21  , 2
64.77  , 2
71.88  , 2
31.45  , 2
98.98  , 2
96.29  , 2
66.51  , 2
58.93  , 2
0.13   , 2
2.66   , 2
40.79  , 2
8.59   , 2
5.31   , 2
26.0   , 2
13.02  , 2
54.08  , 2
31.16  , 2
19.04  , 2
41.52  , 2
29.04  , 2
47.73  , 2
41.63  , 2
40.82  , 2
50.23  , 2
10.55  , 2
58.33  , 2
80.16  , 2
70.39  , 2
42.27  , 2
99.57  , 2
48.56  , 2
8.82   , 2
5.42   , 2
76.23  , 2
27.46  , 2
58.24  , 2
13.08  , 2
48.35  , 2
76.47  , 2
97.81  , 2
62.4   , 2
62.92  , 2
47.95  , 2
65.16  , 2
44.04  , 2
65.77  , 2
24.73  , 2
51.23  , 2
1.14   , 2
51.14  , 2
21.91  , 2
55.59  , 2
1.78   , 2
68.35  , 2
1.85   , 2
59.1   , 2
58.87  , 2
42.53  , 2
67.66  , 2
81.64  , 2
11.7   , 2
60.27  , 2
62.12  , 2
4.03   , 2
20.19  , 2
93.86  , 2
68.01  , 2
82.55  , 2
11.37  , 2
12.02  , 2
82.54  , 2
12.06  , 2
13.12  , 2
31.93  , 2
81.67  , 2
96.84  , 2
51.24  , 2
65.67  , 2
9.24   , 2
39.28  , 2
74.66  , 2
45.32  , 2
28.47  , 2
78.61  , 2
31.44  , 2
47.89  , 2
64.13  , 2
60.48  , 2
9.06   , 2
78.76  , 2
74.55  , 2
53.15  , 2
19.02  , 2
89.28  , 2
73.36  , 2
64.58  , 2
85.88  , 2
61.71  , 2
19.56  , 2
53.27  , 2
58.07  , 2
27.1   , 2
51.65  , 2
23.95  , 2
45.41  , 2
23.9   , 2
74.5   , 2
76.98  , 2
2.4    , 2
43.14  , 2
38.71  , 2
24.79  , 2
87.09  , 2
38.38  , 2
0.08   , 2
82.98  , 2
65.05  , 2
72.12  , 2
90.63  , 2
74.31  , 2
8.04   , 2
74.38  , 2
21.21  , 2
7.79   , 2
68.88  , 2
1.8    , 2
74.83  , 2
59.9   , 2
10.07  , 2
20.36  , 2
10.56  , 2
92.29  , 2
55.54  , 2
89.32  , 2
53.05  , 2
76.16  , 2
18.27  , 2
74.37  , 2
38.76  , 2
7.31   , 2
19.71  , 2
13.47  , 2
55.94  , 2
8.97   , 2
14.07  , 2
40.53  , 2
18.66  , 2
72.11  , 2
67.21  , 2
35.73  , 2
30.32  , 2
23.3   , 2
65.94  , 2
0.18   , 2
87.57  , 2
53.18  , 2
5.4    , 2
28.63  , 2
21.26  , 2
17.99  , 2
35.81  , 2
9.37   , 2
44.01  , 2
31.84  , 2
89.79  , 2
29.98  , 2
44.68  , 2
56.78  , 2
5.88   , 2
74.64  , 2
27.66  , 2
15.1   , 2
3.79   , 2
52.74  , 2
57.69  , 2
4.89   , 2
12.63  , 2
91.39  , 2
77.0   , 2
24.41  , 2
22.29  , 2
93.09  , 2
34.53  , 2
69.18  , 2
35.14  , 2
91.49  , 2
10.17  , 2
35.96  , 2
99.45  , 2
22.16  , 2
88.46  , 2
41.57  , 2
76.29  , 2
76.44  , 2
14.8   , 2
5.9    , 2
62.45  , 2
40.94  , 2
60.74  , 2
72.95  , 2
22.96  , 2
66.28  , 2
19.94  , 2
7.32   , 2
5.2    , 2
41.11  , 2
92.62  , 2
38.42  , 2
26.94  , 2
31.5   , 2
38.29  , 2
2.56   , 2
13.48  , 2
2.51   , 2
6.14   , 2
72.69  , 2
8.35   , 2
63.65  , 2
23.71  , 2
33.09  , 2
94.0   , 2
13.56  , 2
20.04  , 2
30.06  , 2
49.13  , 2
12.11  , 2
33.45  , 2
65.19  , 2
32.11  , 2
30.61  , 2
32.91  , 2
76.61  , 2
17.87  , 2
94.07  , 2
89.93  , 2
30.93  , 2
83.63  , 2
93.05  , 2
18.87  , 2
39.48  , 2
83.07  , 2
2.55   , 2
67.24  , 2
60.07  , 2
37.67  , 2
79.41  , 2
31.91  , 2
60.78  , 2
13.46  , 2
85.91  , 2
23.55  , 2
27.56  , 2
29.67  , 2
9.38   , 2
3.69   , 2
25.53  , 2
80.96  , 2
76.19  , 2
38.69  , 2
30.28  , 2
73.65  , 2
68.17  , 2
6.68   , 2
72.5   , 2
4.63   , 2
88.52  , 2
57.52  , 2
91.61  , 2
14.2   , 2
72.04  , 2
8.44   , 2
18.76  , 2
27.83  , 2
52.91  , 2
87.61  , 2
4.62   , 2
88.98  , 2
83.38  , 2
46.01  , 2
64.3   , 2
41.51  , 2
72.92  , 2
45.69  , 2
6.23   , 2
19.78  , 2
27.36  , 2
41.1   , 2
75.9   , 2
57.07  , 2
47.88  , 2
1.4    , 2
9.9    , 2
23.77  , 2
48.68  , 2
46.81  , 2
8.65   , 2
1.51   , 2
30.81  , 2
81.87  , 2
0.36   , 2
86.02  , 2
1.87   , 2
5.63   , 2
1.5    , 2
18.82  , 2
88.75  , 2
95.93  , 2
38.46  , 2
43.05  , 2
15.64  , 2
10.28  , 2
13.93  , 2
55.71  , 2
11.44  , 2
64.97  , 2
92.88  , 2
8.15   , 2
90.94  , 2
85.42  , 2
35.86  , 2
22.39  , 2
84.38  , 2
3.95   , 2
45.35  , 2
57.73  , 2
42.06  , 2
24.99  , 2
28.18  , 2
5.67   , 2
7.28   , 2
18.13  , 2
42.62  , 2
53.71  , 2
52.13  , 2
42.49  , 2
85.13  , 2
94.03  , 2
89.96  , 2
88.96  , 2
98.07  , 2
89.15  , 2
40.23  , 2
14.67  , 2
60.39  , 2
38.91  , 2
52.39  , 2
5.51   , 2
60.99  , 2
38.05  , 2
11.08  , 2
50.07  , 2
20.42  , 2
18.1   , 2
48.87  , 2
88.76  , 2
5.79   , 2
93.81  , 2
27.18  , 2
29.21  , 2
62.86  , 2
73.74  , 2
48.12  , 2
45.5   , 2
14.01  , 2
62.02  , 2
46.11  , 2
23.82  , 2
5.66   , 2
10.29  , 2
77.1   , 2
7.17   , 2
41.43  , 2
60.6   , 2
35.24  , 2
45.21  , 2
60.72  , 2
68.76  , 2
41.68  , 2
20.75  , 2
12.8   , 2
0.85   , 2
12.7   , 2
24.86  , 2
99.44  , 2
38.13  , 2
33.63  , 2
79.6   , 2
77.22  , 2
43.37  , 2
80.3   , 2
1.82   , 2
38.04  , 2
24.76  , 2
7.45   , 2
2.09   , 2
25.96  , 2
9.3    , 2
0.14   , 2
54.07  , 2
76.85  , 2
74.51  , 2
17.67  , 2
22.73  , 2
26.27  , 2
80.87  , 2
83.45  , 2
27.19  , 2
5.62   , 2
83.54  , 2
32.02  , 2
41.04  , 2
30.41  , 2
46.53  , 2
18.43  , 2
68.65  , 2
1.93   , 2
91.48  , 2
25.23  , 2
51.3   , 2
70.17  , 2
40.69  , 2
39.08  , 2
46.9   , 2
83.8   , 2
50.63  , 2
86.8   , 2
1.72   , 2
81.83  , 2
1.45   , 2
18.67  , 2
33.15  , 2
29.17  , 2
80.36  , 2
26.96  , 2
71.08  , 2
64.95  , 2
57.81  , 2
14.94  , 2
12.5   , 2
14.03  , 2
81.47  , 2
61.08  , 2
99.29  , 2
6.0    , 2
93.96  , 2
85.16  , 2
4.16   , 2
48.93  , 2
18.34  , 2
3.85   , 2
93.21  , 2
18.89  , 2
82.01  , 2
15.12  , 2
37.89  , 2
32.42  , 2
64.76  , 2
6.27   , 2
80.86  , 2
73.04  , 2
84.25  , 2
67.94  , 2
34.85  , 2
60.68  , 2
73.89  , 2
31.22  , 2
10.89  , 2
6.88   , 2
67.03  , 2
51.38  , 2
28.26  , 2
49.07  , 2
0.7    , 2
99.87  , 2
25.6   , 2
5.27   , 2
19.85  , 2
1.1    , 2
83.57  , 2
40.17  , 2
88.44  , 2
78.67  , 2
10.51  , 2
8.18   , 2
34.17  , 2
3.98   , 2
99.76  , 2
69.88  , 2
44.84  , 2
81.24  , 2
46.23  , 2
43.89  , 2
23.4   , 2
52.17  , 2
27.21  , 2
19.89  , 2
49.22  , 2
35.49  , 2
61.52  , 2
40.62  , 2
29.81  , 2
87.6   , 2
45.55  , 2
55.36  , 2
24.98  , 2
70.7   , 2
16.77  , 2
38.9   , 2
63.92  , 2
26.01  , 2
41.92  , 2
13.43  , 2
29.84  , 2
66.1   , 2
14.26  , 2
58.78  , 2
92.23  , 2
26.91  , 2
49.75  , 2
36.56  , 2
17.37  , 2
81.12  , 2
31.23  , 2
70.75  , 2
27.13  , 2
93.76  , 2
81.04  , 2
48.07  , 2
43.67  , 2
65.48  , 2
25.92  , 2
64.28  , 2
97.26  , 2
46.52  , 2
8.23   , 2
74.75  , 2
71.94  , 2
39.2   , 2
68.1   , 2
68.23  , 2
23.46  , 2
66.29  , 2
47.24  , 2
51.06  , 2
67.49  , 2
53.96  , 2
18.07  , 2
83.05  , 2
28.87  , 2
99.7   , 2
33.28  , 2
34.76  , 2
74.76  , 2
2.75   , 2
12.18  , 2
93.28  , 2
99.74  , 2
73.09  , 2
48.92  , 2
36.35  , 2
64.29  , 2
57.85  , 2
86.85  , 2
27.54  , 2
60.47  , 2
51.8   , 2
76.77  , 2
80.72  , 2
14.9   , 2
9.78   , 2
90.16  , 2
74.35  , 2
80.41  , 2
11.48  , 2
27.76  , 2
33.78  , 2
19.46  , 2
45.97  , 2
11.96  , 2
24.56  , 2
9.2    , 2
92.13  , 2
0.09   , 2
12.74  , 2
28.79  , 2
39.26  , 2
0.49   , 2
0.86   , 2
24.0   , 2
42.21  , 2
19.66  , 2
11.16  , 2
10.0   , 2
83.35  , 2
70.76  , 2
68.49  , 2
6.29   , 2
50.44  , 2
12.76  , 2
88.01  , 2
48.46  , 2
65.63  , 2
49.84  , 2
19.92  , 2
45.86  , 2
68.48  , 2
2.11   , 2
96.86  , 2
14.69  , 2
13.6   , 2
27.63  , 2
90.41  , 2
76.21  , 2
48.51  , 2
99.5   , 2
36.91  , 2
29.01  , 2
45.3   , 2
72.16  , 2
13.9   , 2
18.37  , 2
50.62  , 2
68.46  , 2
39.71  , 2
31.75  , 2
35.92  , 2
13.72  , 2
11.38  , 2
14.44  , 2
7.5    , 2
58.48  , 2
2.37   , 2
88.89  , 2
85.61  , 2
47.84  , 2
73.98  , 2
35.28  , 2
16.7   , 2
53.47  , 2
84.12  , 2
17.84  , 2
66.92  , 2
35.6   , 2
74.0   , 2
40.5   , 2
53.79  , 2
47.94  , 2
18.65  , 2
58.63  , 2
51.4   , 2
5.34   , 2
24.18  , 2
21.58  , 2
69.49  , 2
7.77   , 2
20.39  , 2
86.5   , 2
36.21  , 2
84.13  , 2
58.61  , 2
47.07  , 2
87.27  , 2
76.66  , 2
9.21   , 2
45.23  , 2
42.98  , 2
95.81  , 2
48.02  , 2
46.09  , 2
31.79  , 2
18.33  , 2
6.26   , 2
64.59  , 2
88.8   , 2
86.75  , 2
56.16  , 2
32.01  , 2
49.81  , 2
39.56  , 2
94.09  , 2
30.0   , 2
57.51  , 2
52.14  , 2
88.36  , 2
58.17  , 2
11.09  , 2
60.29  , 2
51.34  , 2
63.41  , 2
16.82  , 2
5.36   , 2
27.17  , 2
16.56  , 2
61.7   , 2
61.8   , 2
43.32  , 2
27.99  , 2
31.77  , 2
25.02  , 2
77.13  , 2
55.87  , 2
53.16  , 2
5.02   , 2
40.01  , 2
3.89   , 2
21.29  , 2
4.75   , 2
50.3   , 2
29.06  , 2
86.04  , 2
56.25  , 2
32.57  , 2
34.1   , 2
52.06  , 2
17.01  , 2
60.04  , 2
85.07  , 2
55.43  , 2
52.36  , 2
24.29  , 2
37.33  , 2
64.86  , 2
95.25  , 2
31.42  , 2
21.07  , 2
51.05  , 2
93.71  , 2
34.49  , 2
96.2   , 2
73.55  , 2
20.33  , 2
23.32  , 2
55.77  , 2
22.42  , 2
70.72  , 2
26.82  , 2
0.48   , 2
52.66  , 2
34.91  , 2
69.99  , 2
82.17  , 2
5.09   , 2
20.73  , 2
8.9    , 2
44.14  , 2
23.45  , 2
7.91   , 2
17.31  , 2
60.86  , 2
67.5   , 2
21.23  , 2
13.04  , 2
1.11   , 2
4.06   , 2
92.12  , 2
65.04  , 2
17.71  , 2
27.03  , 2
78.43  , 2
87.36  , 2
14.36  , 2
1.06   , 2
19.43  , 2
32.63  , 2
70.38  , 2
75.83  , 2
91.89  , 2
19.32  , 2
50.32  , 2
96.52  , 2
42.76  , 2
87.4   , 2
61.45  , 2
44.31  , 2
53.13  , 2
64.18  , 2
5.58   , 2
52.34  , 2
83.99  , 2
78.21  , 2
42.25  , 2
83.19  , 2
14.5   , 2
67.76  , 2
5.48   , 2
99.22  , 2
7.35   , 2
22.56  , 2
67.71  , 2
24.49  , 2
57.87  , 2
86.45  , 2
49.29  , 2
21.1   , 2
83.17  , 2
48.41  , 2
99.03  , 2
11.31  , 2
10.03  , 2
28.19  , 2
96.74  , 2
0.79   , 2
74.36  , 2
58.04  , 2
53.2   , 2
86.36  , 2
11.3   , 2
10.26  , 2
10.63  , 2
12.79  , 2
64.47  , 2
25.17  , 2
53.5   , 2
55.99  , 2
60.69  , 2
15.67  , 2
36.68  , 2
14.66  , 2
41.93  , 2
22.57  , 2
29.03  , 2
80.64  , 2
74.19  , 2
98.55  , 2
20.66  , 2
3.63   , 2
10.14  , 2
17.33  , 2
7.72   , 2
24.91  , 2
71.46  , 2
93.55  , 2
17.52  , 2
26.07  , 2
14.51  , 2
0.0    , 2
61.28  , 2
99.8   , 2
2.79   , 2
40.31  , 2
26.22  , 2
95.47  , 2
21.8   , 2
41.9   , 2
0.8    , 2
98.42  , 2
47.81  , 2
15.6   , 2
88.74  , 2
29.0   , 2
7.26   , 2
70.09  , 2
48.81  , 2
51.88  , 2
36.92  , 2
22.87  , 2
61.86  , 2
10.39  , 2
13.25  , 2
56.22  , 2
19.58  , 2
72.17  , 2
41.94  , 2
71.78  , 2
96.66  , 2
89.08  , 2
95.18  , 2
56.95  , 2
13.78  , 2
22.8   , 2
0.61   , 2
51.44  , 2
9.76   , 2
33.92  , 2
32.51  , 2
99.77  , 2
86.9   , 2
14.96  , 2
14.09  , 2
19.47  , 2
94.83  , 2
21.13  , 2
30.52  , 2
91.69  , 2
44.21  , 2
35.9   , 2
10.87  , 2
34.94  , 2
28.55  , 2
35.95  , 2
41.79  , 2
0.04   , 2
83.08  , 2
34.44  , 2
75.91  , 2
22.86  , 2
42.58  , 2
14.81  , 2
87.98  , 2
10.77  , 2
29.13  , 2
69.06  , 2
82.18  , 2
20.82  , 2
66.88  , 2
6.53   , 2
84.05  , 2
30.49  , 2
12.81  , 2
93.32  , 2
67.87  , 2
37.13  , 2
46.2   , 2
4.2    , 2
27.01  , 2
88.0   , 2
42.45  , 2
29.78  , 2
41.77  , 2
21.32  , 2
24.27  , 2
71.64  , 2
39.97  , 2
82.39  , 2
38.24  , 2
23.08  , 2
8.46   , 2
30.05  , 2
32.55  , 2
77.24  , 2
74.23  , 2
10.15  , 2
38.99  , 2
18.91  , 2
38.8   , 2
96.09  , 2
26.19  , 2
55.69  , 2
20.84  , 2
42.83  , 2
71.89  , 2
80.46  , 2
61.23  , 2
5.65   , 2
45.74  , 2
31.78  , 2
67.85  , 2
8.25   , 2
23.27  , 2
84.77  , 2
17.16  , 2
8.91   , 2
72.7   , 2
65.95  , 2
27.09  , 2
77.99  , 2
51.42  , 2
17.41  , 2
17.53  , 2
5.75   , 2
96.03  , 2
26.89  , 2
12.43  , 2
5.0    , 2
87.21  , 2
60.97  , 2
68.06  , 2
26.15  , 2
50.86  , 2
14.89  , 2
42.02  , 2
93.87  , 2
57.28  , 2
8.76   , 2
59.47  , 2
99.2   , 2
83.68  , 2
81.57  , 2
94.53  , 2
96.57  , 2
19.36  , 2
33.41  , 2
38.3   , 2
81.78  , 2
40.49  , 2
20.92  , 2
43.24  , 2
22.74  , 2
30.6   , 2
64.55  , 2
1.92   , 2
37.29  , 2
83.16  , 2
25.56  , 2
38.86  , 2
41.16  , 2
10.11  , 2
63.68  , 2
87.62  , 2
39.24  , 2
58.39  , 2
54.09  , 2
13.19  , 2
13.39  , 2
41.36  , 2
29.07  , 2
1.3    , 2
5.52   , 2
28.98  , 2
91.74  , 2
92.19  , 2
29.19  , 2
63.35  , 2
49.01  , 2
92.06  , 2
60.22  , 2
10.42  , 2
99.48  , 2
43.48  , 2
83.7   , 2
8.69   , 2
25.76  , 2
19.31  , 2
55.61  , 2
30.43  , 2
38.12  , 2
46.72  , 2
67.78  , 2
9.05   , 2
86.37  , 2
77.35  , 2
80.59  , 2
69.73  , 2
35.44  , 2
12.87  , 2
20.11  , 2
9.74   , 2
10.21  , 2
4.43   , 2
42.39  , 2
42.28  , 2
91.99  , 2
74.6   , 2
2.46   , 2
94.72  , 2
21.11  , 2
73.9   , 2
9.01   , 2
74.7   , 2
13.03  , 2
55.66  , 2
52.97  , 2
48.5   , 2
48.14  , 2
88.37  , 2
83.56  , 2
66.85  , 2
35.17  , 2
22.37  , 2
11.61  , 2
90.0   , 2
35.64  , 2
56.75  , 2
74.39  , 2
92.24  , 2
66.22  , 2
28.01  , 2
75.5   , 2
86.78  , 2
94.6   , 2
42.72  , 2
72.51  , 2
6.16   , 2
50.51  , 2
43.49  , 2
19.38  , 2
60.62  , 2
61.3   , 2
86.21  , 2
69.33  , 2
49.23  , 2
50.46  , 2
65.11  , 2
47.72  , 2
29.63  , 2
82.88  , 2
83.77  , 2
32.04  , 2
82.81  , 2
53.58  , 2
75.18  , 2
42.9   , 2
20.9   , 2
40.89  , 2
70.05  , 2
24.44  , 2
41.06  , 2
89.59  , 2
2.81   , 2
11.28  , 2
32.88  , 2
15.37  , 2
57.32  , 2
59.71  , 2
2.64   , 2
60.06  , 2
85.38  , 2
25.74  , 2
12.47  , 2
74.27  , 2
21.01  , 2
12.84  , 2
13.65  , 2
82.72  , 2
93.61  , 2
73.52  , 2
74.9   , 2
44.5   , 2
19.4   , 2
93.44  , 2
80.54  , 2
5.43   , 2
76.37  , 2
97.06  , 2
5.23   , 2
5.1    , 2
6.03   , 2
49.02  , 2
37.24  , 2
96.12  , 2
91.94  , 2
32.64  , 2
33.05  , 2
24.93  , 2
2.13   , 2
58.88  , 2
93.47  , 2
51.64  , 2
25.79  , 2
61.63  , 2
13.22  , 2
85.49  , 2
98.93  , 2
65.44  , 2
69.63  , 2
44.9   , 2
21.73  , 2
40.09  , 2
63.59  , 2
87.1   , 2
47.57  , 2
64.1   , 2
42.86  , 2
62.59  , 2
46.13  , 2
40.41  , 2
86.98  , 2
66.39  , 2
14.76  , 2
21.98  , 2
12.98  , 2
25.86  , 2
56.51  , 2
19.23  , 2
44.7   , 2
52.3   , 2
41.14  , 2
96.65  , 2
96.85  , 2
56.14  , 2
37.34  , 2
16.57  , 2
0.65   , 2
7.6    , 2
48.3   , 2
26.54  , 2
13.23  , 2
67.64  , 2
25.08  , 2
37.15  , 2
14.56  , 2
43.2   , 2
51.66  , 2
56.17  , 2
79.83  , 2
4.19   , 2
12.67  , 2
6.73   , 2
82.16  , 2
79.89  , 2
40.25  , 2
4.37   , 2
71.32  , 2
18.54  , 2
8.39   , 2
42.67  , 2
17.89  , 2
40.98  , 2
4.07   , 2
60.88  , 2
49.82  , 2
1.2    , 2
48.22  , 2
36.74  , 2
66.84  , 2
57.54  , 2
91.84  , 2
89.68  , 1
95.7   , 1
48.0   , 1
91.73  , 1
51.12  , 1
73.6   , 1
14.99  , 1
88.19  , 1
34.93  , 1
84.85  , 1
52.71  , 1
71.87  , 1
11.19  , 1
55.62  , 1
11.25  , 1
94.4   , 1
63.05  , 1
1.26   , 1
26.98  , 1
78.14  , 1
79.63  , 1
0.34   , 1
25.73  , 1
91.1   , 1
44.06  , 1
56.02  , 1
20.59  , 1
24.61  , 1
79.67  , 1
72.85  , 1
13.58  , 1
58.6   , 1
91.28  , 1
57.3   , 1
53.86  , 1
68.93  , 1
32.13  , 1
87.76  , 1
95.46  , 1
99.31  , 1
43.06  , 1
39.84  , 1
58.02  , 1
26.58  , 1
85.56  , 1
45.09  , 1
33.51  , 1
96.93  , 1
83.25  , 1
61.95  , 1
12.52  , 1
53.52  , 1
77.5   , 1
12.53  , 1
8.56   , 1
10.52  , 1
12.05  , 1
79.09  , 1
55.93  , 1
7.71   , 1
70.68  , 1
63.97  , 1
36.64  , 1
36.31  , 1
88.66  , 1
18.21  , 1
69.6   , 1
62.03  , 1
65.42  , 1
91.09  , 1
71.71  , 1
44.08  , 1
23.93  , 1
66.43  , 1
50.8   , 1
91.3   , 1
57.46  , 1
94.48  , 1
50.93  , 1
73.33  , 1
24.97  , 1
25.37  , 1
50.33  , 1
94.65  , 1
37.43  , 1
47.75  , 1
45.64  , 1
36.02  , 1
76.0   , 1
21.31  , 1
52.7   , 1
91.47  , 1
60.73  , 1
43.47  , 1
89.67  , 1
9.03   , 1
67.06  , 1
47.02  , 1
1.89   , 1
86.52  , 1
73.63  , 1
1.18   , 1
82.37  , 1
97.74  , 1
70.41  , 1
98.95  , 1
87.65  , 1
4.25   , 1
33.31  , 1
70.24  , 1
5.38   , 1
83.01  , 1
23.79  , 1
10.12  , 1
33.39  , 1
67.2   , 1
53.36  , 1
45.22  , 1
92.37  , 1
1.02   , 1
20.2   , 1
37.96  , 1
70.28  , 1
49.52  , 1
46.3   , 1
65.72  , 1
63.24  , 1
31.43  , 1
38.23  , 1
55.83  , 1
53.94  , 1
81.29  , 1
91.68  , 1
19.11  , 1
63.19  , 1
39.57  , 1
37.87  , 1
4.99   , 1
92.18  , 1
96.95  , 1
73.26  , 1
48.76  , 1
88.11  , 1
4.0    , 1
26.08  , 1
20.05  , 1
29.83  , 1
1.28   , 1
20.17  , 1
88.84  , 1
55.92  , 1
0.55   , 1
67.23  , 1
88.61  , 1
72.44  , 1
4.72   , 1
45.58  , 1
60.23  , 1
80.07  , 1
45.49  , 1
0.28   , 1
83.14  , 1
14.15  , 1
81.68  , 1
21.6   , 1
65.61  , 1
41.09  , 1
42.57  , 1
33.25  , 1
90.66  , 1
12.75  , 1
59.18  , 1
80.1   , 1
91.75  , 1
83.28  , 1
15.45  , 1
31.24  , 1
92.03  , 1
29.48  , 1
87.53  , 1
86.07  , 1
68.43  , 1
58.44  , 1
50.74  , 1
25.42  , 1
70.13  , 1
46.32  , 1
21.4   , 1
65.22  , 1
19.79  , 1
71.25  , 1
86.22  , 1
95.37  , 1
76.87  , 1
10.45  , 1
70.04  , 1
65.92  , 1
81.66  , 1
70.87  , 1
71.21  , 1
39.63  , 1
91.01  , 1
19.28  , 1
75.09  , 1
25.07  , 1
71.67  , 1
28.35  , 1
44.18  , 1
5.89   , 1
13.49  , 1
70.86  , 1
90.21  , 1
96.13  , 1
52.55  , 1
78.12  , 1
46.37  , 1
57.97  , 1
13.64  , 1
8.1    , 1
10.92  , 1
5.99   , 1
68.42  , 1
18.48  , 1
28.15  , 1
68.66  , 1
89.42  , 1
71.68  , 1
77.32  , 1
33.19  , 1
38.63  , 1
57.7   , 1
99.89  , 1
42.66  , 1
52.33  , 1
66.04  , 1
50.17  , 1
79.69  , 1
79.05  , 1
9.11   , 1
37.72  , 1
2.45   , 1
25.66  , 1
64.43  , 1
78.94  , 1
16.67  , 1
57.19  , 1
12.32  , 1
22.52  , 1
64.42  , 1
69.05  , 1
7.2    , 1
28.91  , 1
94.63  , 1
91.2   , 1
41.2   , 1
82.34  , 1
90.1   , 1
70.81  , 1
20.68  , 1
68.33  , 1
37.37  , 1
31.0   , 1
86.1   , 1
90.93  , 1
79.55  , 1
17.62  , 1
95.89  , 1
71.15  , 1
66.5   , 1
46.83  , 1
32.05  , 1
99.96  , 1
63.32  , 1
93.37  , 1
41.27  , 1
18.18  , 1
86.92  , 1
56.36  , 1
88.16  , 1
78.08  , 1
68.82  , 1
40.36  , 1
49.85  , 1
88.33  , 1
58.15  , 1
56.49  , 1
21.76  , 1
12.69  , 1
7.96   , 1
41.72  , 1
16.89  , 1
11.99  , 1
45.02  , 1
94.57  , 1
43.82  , 1
81.62  , 1
57.91  , 1
7.56   , 1
32.18  , 1
66.03  , 1
81.59  , 1
77.63  , 1
60.57  , 1
17.43  , 1
49.5   , 1
1.54   , 1
25.39  , 1
73.61  , 1
66.23  , 1
11.47  , 1
18.14  , 1
18.47  , 1
39.27  , 1
95.54  , 1
55.82  , 1
8.11   , 1
45.87  , 1
38.56  , 1
90.19  , 1
45.19  , 1
50.9   , 1
32.97  , 1
60.17  , 1
17.93  , 1
39.85  , 1
0.74   , 1
19.49  , 1
18.96  , 1
20.21  , 1
56.73  , 1
81.44  , 1
3.59   , 1
18.95  , 1
59.77  , 1
79.02  , 1
94.2   , 1
61.64  , 1
11.75  , 1
33.62  , 1
24.52  , 1
44.07  , 1
44.82  , 1
39.55  , 1
60.75  , 1
71.2   , 1
23.78  , 1
43.87  , 1
91.29  , 1
93.42  , 1
48.08  , 1
13.74  , 1
89.92  , 1
60.76  , 1
74.85  , 1
99.95  , 1
19.27  , 1
3.58   , 1
25.71  , 1
96.87  , 1
2.78   , 1
76.08  , 1
0.91   , 1
27.22  , 1
58.96  , 1
24.74  , 1
29.74  , 1
8.98   , 1
70.84  , 1
61.17  , 1
76.46  , 1
69.25  , 1
98.29  , 1
90.48  , 1
70.03  , 1
71.04  , 1
30.56  , 1
70.43  , 1
78.91  , 1
48.29  , 1
64.41  , 1
56.96  , 1
73.25  , 1
43.45  , 1
6.78   , 1
72.47  , 1
83.75  , 1
47.67  , 1
30.9   , 1
62.15  , 1
94.27  , 1
21.79  , 1
9.55   , 1
7.98   , 1
82.11  , 1
2.18   , 1
89.09  , 1
47.16  , 1
5.92   , 1
39.87  , 1
83.2   , 1
13.34  , 1
96.11  , 1
99.12  , 1
65.33  , 1
19.44  , 1
31.33  , 1
1.37   , 1
33.26  , 1
60.51  , 1
34.67  , 1
71.97  , 1
94.44  , 1
33.56  , 1
98.88  , 1
61.39  , 1
96.97  , 1
26.62  , 1
34.57  , 1
49.65  , 1
67.35  , 1
10.23  , 1
50.59  , 1
68.96  , 1
11.03  , 1
53.69  , 1
73.64  , 1
69.79  , 1
72.97  , 1
68.97  , 1
59.31  , 1
54.03  , 1
91.5   , 1
17.42  , 1
52.68  , 1
75.8   , 1
52.64  , 1
43.35  , 1
51.17  , 1
81.26  , 1
59.22  , 1
11.64  , 1
78.33  , 1
3.8    , 1
47.25  , 1
82.25  , 1
33.37  , 1
45.14  , 1
20.06  , 1
51.62  , 1
73.79  , 1
73.19  , 1
55.38  , 1
92.84  , 1
88.63  , 1
47.85  , 1
31.19  , 1
24.68  , 1
23.43  , 1
39.8   , 1
99.25  , 1
5.11   , 1
28.13  , 1
25.33  , 1
84.79  , 1
9.27   , 1
5.21   , 1
30.35  , 1
10.47  , 1
68.73  , 1
62.09  , 1
88.95  , 1
62.24  , 1
57.29  , 1
16.54  , 1
13.76  , 1
6.06   , 1
27.44  , 1
37.31  , 1
77.46  , 1
28.56  , 1
65.52  , 1
31.36  , 1
53.8   , 1
15.13  , 1
32.22  , 1
76.33  , 1
98.24  , 1
27.2   , 1
75.99  , 1
25.34  , 1
7.87   , 1
51.86  , 1
38.0   , 1
18.55  , 1
63.91  , 1
13.29  , 1
39.61  , 1
4.7    , 1
64.82  , 1
22.0   , 1
21.99  , 1
43.92  , 1
0.9    , 1
22.04  , 1
27.55  , 1
63.02  , 1
20.09  , 1
36.49  , 1
5.86   , 1
7.02   , 1
12.26  , 1
89.86  , 1
72.73  , 1
23.09  , 1
24.38  , 1
7.0    , 1
59.74  , 1
36.55  , 1
44.51  , 1
76.99  , 1
74.98  , 1
32.59  , 1
35.16  , 1
77.09  , 1
6.83   , 1
94.78  , 1
77.8   , 1
72.22  , 1
75.63  , 1
58.82  , 1
71.19  , 1
95.15  , 1
28.76  , 1
94.23  , 1
67.57  , 1
2.63   , 1
45.25  , 1
91.33  , 1
9.44   , 1
26.55  , 1
27.49  , 1
40.63  , 1
88.88  , 1
31.98  , 1
19.51  , 1
36.0   , 1
97.97  , 1
57.23  , 1
49.68  , 1
76.79  , 1
18.56  , 1
57.95  , 1
22.02  , 1
85.03  , 1
57.27  , 1
75.58  , 1
83.42  , 1
77.59  , 1
6.19   , 1
72.36  , 1
17.11  , 1
36.36  , 1
45.16  , 1
48.99  , 1
1.79   , 1
64.52  , 1
20.25  , 1
15.3   , 1
40.61  , 1
49.25  , 1
26.34  , 1
95.72  , 1
33.76  , 1
60.31  , 1
93.07  , 1
51.21  , 1
37.52  , 1
8.6    , 1
53.67  , 1
1.33   , 1
30.13  , 1
10.46  , 1
28.31  , 1
16.55  , 1
67.34  , 1
86.65  , 1
99.52  , 1
8.61   , 1
21.85  , 1
59.09  , 1
91.87  , 1
66.12  , 1
70.54  , 1
3.77   , 1
75.69  , 1
21.47  , 1
75.57  , 1
99.08  , 1
23.84  , 1
59.13  , 1
81.35  , 1
78.93  , 1
30.77  , 1
0.41   , 1
14.14  , 1
78.87  , 1
60.66  , 1
45.4   , 1
24.08  , 1
70.62  , 1
15.18  , 1
11.67  , 1
29.82  , 1
51.95  , 1
2.29   , 1
5.14   , 1
76.65  , 1
56.66  , 1
41.21  , 1
71.93  , 1
96.33  , 1
99.24  , 1
28.04  , 1
86.39  , 1
59.28  , 1
13.92  , 1
98.41  , 1
76.42  , 1
98.12  , 1
79.84  , 1
87.97  , 1
1.22   , 1
21.74  , 1
25.95  , 1
23.86  , 1
89.57  , 1
34.09  , 1
38.17  , 1
7.46   , 1
75.31  , 1
40.97  , 1
0.16   , 1
37.84  , 1
17.28  , 1
23.99  , 1
75.76  , 1
74.3   , 1
12.89  , 1
81.54  , 1
33.23  , 1
98.16  , 1
11.14  , 1
51.6   , 1
15.49  , 1
91.6   , 1
77.43  , 1
71.12  , 1
96.5   , 1
65.06  , 1
9.66   , 1
36.26  , 1
18.83  , 1
98.64  , 1
72.33  , 1
55.63  , 1
32.44  , 1
79.91  , 1
7.51   , 1
89.66  , 1
83.23  , 1
88.3   , 1
44.28  , 1
44.69  , 1
82.4   , 1
22.2   , 1
7.01   , 1
0.62   , 1
18.84  , 1
18.72  , 1
37.82  , 1
55.98  , 1
57.47  , 1
89.37  , 1
97.64  , 1
20.32  , 1
79.97  , 1
36.38  , 1
44.52  , 1
21.64  , 1
71.56  , 1
19.15  , 1
61.48  , 1
8.79   , 1
29.64  , 1
34.54  , 1
94.43  , 1
6.95   , 1
67.1   , 1
62.68  , 1
96.9   , 1
72.72  , 1
44.15  , 1
63.88  , 1
43.04  , 1
24.46  , 1
72.94  , 1
53.81  , 1
18.93  , 1
78.4   , 1
90.86  , 1
23.35  , 1
70.37  , 1
23.76  , 1
22.95  , 1
13.96  , 1
69.67  , 1
27.51  , 1
46.26  , 1
25.36  , 1
51.07  , 1
76.38  , 1
36.97  , 1
85.55  , 1
40.48  , 1
36.6   , 1
81.51  , 1
63.93  , 1
65.13  , 1
22.13  , 1
60.08  , 1
94.91  , 1
43.77  , 1
37.23  , 1
84.75  , 1
49.44  , 1
40.32  , 1
91.63  , 1
8.32   , 1
5.26   , 1
27.84  , 1
8.02   , 1
9.59   , 1
46.25  , 1
55.79  , 1
49.47  , 1
82.99  , 1
72.37  , 1
1.25   , 1
46.15  , 1
51.28  , 1
67.13  , 1
47.48  , 1
45.56  , 1
16.61  , 1
90.78  , 1
82.26  , 1
42.99  , 1
82.92  , 1
31.14  , 1
25.32  , 1
97.61  , 1
95.44  , 1
15.43  , 1
58.38  , 1
57.35  , 1
57.45  , 1
5.16   , 1
81.77  , 1
2.0    , 1
62.71  , 1
79.39  , 1
62.08  , 1
39.18  , 1
28.41  , 1
43.8   , 1
94.56  , 1
77.27  , 1
18.42  , 1
22.12  , 1
0.02   , 1
8.48   , 1
38.09  , 1
20.93  , 1
88.83  , 1
50.97  , 1
6.87   , 1
91.77  , 1
25.35  , 1
85.62  , 1
89.24  , 1
63.57  , 1
8.38   , 1
28.57  , 1
94.46  , 1
0.11   , 1
17.32  , 1
73.57  , 1
48.66  , 1
91.91  , 1
71.13  , 1
30.51  , 1
4.84   , 1
59.88  , 1
5.85   , 1
23.97  , 1
34.15  , 1
87.93  , 1
53.37  , 1
19.13  , 1
19.42  , 1
49.71  , 1
96.56  , 1
62.7   , 1
68.84  , 1
40.6   , 1
2.26   , 1
56.83  , 1
24.77  , 1
20.31  , 1
33.48  , 1
96.4   , 1
14.3   , 1
98.82  , 1
51.15  , 1
78.79  , 1
70.65  , 1
52.75  , 1
88.9   , 1
53.75  , 1
32.3   , 1
98.39  , 1
62.26  , 1
75.68  , 1
73.08  , 1
71.42  , 1
82.58  , 1
58.75  , 1
10.16  , 1
53.35  , 1
5.19   , 1
62.29  , 1
24.37  , 1
42.55  , 1
44.89  , 1
43.29  , 1
76.7   , 1
46.78  , 1
0.33   , 1
19.14  , 1
34.43  , 1
62.61  , 1
70.11  , 1
88.06  , 1
42.85  , 1
23.54  , 1
98.31  , 1
0.4    , 1
82.05  , 1
77.97  , 1
90.51  , 1
20.53  , 1
89.3   , 1
20.83  , 1
16.75  , 1
53.23  , 1
60.53  , 1
92.11  , 1
98.25  , 1
5.37   , 1
59.48  , 1
32.06  , 1
23.53  , 1
50.57  , 1
82.43  , 1
73.97  , 1
99.75  , 1
44.45  , 1
73.4   , 1
89.97  , 1
0.07   , 1
13.85  , 1
95.94  , 1
51.83  , 1
8.73   , 1
66.32  , 1
81.17  , 1
50.27  , 1
12.12  , 1
79.14  , 1
16.8   , 1
36.53  , 1
66.73  , 1
14.39  , 1
60.09  , 1
29.6   , 1
36.19  , 1
29.87  , 1
17.6   , 1
72.78  , 1
12.77  , 1
47.0   , 1
46.02  , 1
28.43  , 1
27.35  , 1
73.91  , 1
63.39  , 1
83.97  , 1
22.38  , 1
65.35  , 1
89.46  , 1
56.45  , 1
97.66  , 1
37.54  , 1
17.95  , 1
80.08  , 1
43.59  , 1
37.64  , 1
57.78  , 1
61.68  , 1
59.16  , 1
12.27  , 1
25.11  , 1
16.71  , 1
38.44  , 1
97.17  , 1
90.77  , 1
24.2   , 1
75.72  , 1
21.54  , 1
13.06  , 1
42.74  , 1
90.83  , 1
79.74  , 1
23.19  , 1
81.97  , 1
46.4   , 1
66.86  , 1
51.57  , 1
39.91  , 1
10.7   , 1
44.92  , 1
62.63  , 1
84.97  , 1
24.39  , 1
77.12  , 1
31.2   , 1
67.46  , 1
19.41  , 1
29.93  , 1
26.71  , 1
48.39  , 1
59.67  , 1
29.52  , 1
69.59  , 1
69.2   , 1
13.38  , 1
4.73   , 1
46.48  , 1
27.97  , 1
83.5   , 1
63.73  , 1
6.84   , 1
43.26  , 1
58.09  , 1
11.97  , 1
87.78  , 1
17.82  , 1
33.8   , 1
7.74   , 1
94.97  , 1
46.34  , 1
29.58  , 1
28.78  , 1
83.51  , 1
85.12  , 1
46.38  , 1
28.37  , 1
86.72  , 1
84.11  , 1
75.05  , 1
77.3   , 1
59.37  , 1
77.08  , 1
99.01  , 1
40.05  , 1
6.89   , 1
1.42   , 1
4.34   , 1
52.93  , 1
99.21  , 1
94.79  , 1
50.11  , 1
69.28  , 1
64.0   , 1
31.6   , 1
39.79  , 1
46.1   , 1
38.97  , 1
87.94  , 1
77.06  , 1
43.6   , 1
55.9   , 1
39.13  , 1
77.69  , 1
83.29  , 1
81.69  , 1
38.5   , 1
92.05  , 1
27.34  , 1
71.31  , 1
43.33  , 1
50.03  , 1
47.06  , 1
53.0   , 1
61.85  , 1
95.42  , 1
24.04  , 1
41.33  , 1
47.37  , 1
48.28  , 1
47.55  , 1
71.84  , 1
98.32  , 1
81.41  , 1
78.69  , 1
72.3   , 1
15.23  , 1
37.14  , 1
56.68  , 1
1.12   , 1
83.59  , 1
44.95  , 1
77.16  , 1
53.01  , 1
73.07  , 1
75.61  , 1
57.34  , 1
19.74  , 1
82.94  , 1
12.73  , 1
75.14  , 1
25.0   , 1
50.75  , 1
83.06  , 1
83.58  , 1
92.39  , 1
45.82  , 1
40.9   , 1
28.83  , 1
78.5   , 1
2.36   , 1
73.93  , 1
55.44  , 1
73.96  , 1
12.34  , 1
2.05   , 1
19.99  , 1
84.62  , 1
92.17  , 1
63.98  , 1
57.84  , 1
99.72  , 1
94.81  , 1
70.73  , 1
25.64  , 1
50.89  , 1
21.55  , 1
49.83  , 1
48.91  , 1
1.55   , 1
49.59  , 1
50.2   , 1
19.59  , 1
87.85  , 1
70.33  , 1
97.89  , 1
92.27  , 1
36.83  , 1
73.56  , 1
27.45  , 1
13.42  , 1
96.08  , 1
71.24  , 1
43.36  , 1
69.12  , 1
50.61  , 1
60.96  , 1
51.01  , 1
9.94   , 1
61.88  , 1
67.12  , 1
2.35   , 1
44.57  , 1
57.99  , 1
85.24  , 1
68.71  , 1
9.54   , 1
19.19  , 1
13.79  , 1
49.46  , 1
78.48  , 1
20.61  , 1
83.36  , 1
63.62  , 1
18.64  , 1
95.43  , 1
87.18  , 1
68.62  , 1
9.56   , 1
89.11  , 1
62.98  , 1
0.67   , 1
27.0   , 1
83.62  , 1
39.4   , 1
70.64  , 1
99.39  , 1
69.27  , 1
23.94  , 1
53.43  , 1
28.29  , 1
56.38  , 1
70.79  , 1
56.29  , 1
69.34  , 1
36.15  , 1
22.61  , 1
27.88  , 1
65.08  , 1
2.71   , 1
40.78  , 1
85.25  , 1
19.21  , 1
86.01  , 1
78.82  , 1
92.55  , 1
72.67  , 1
86.87  , 1
48.2   , 1
52.23  , 1
4.38   , 1
85.36  , 1
22.43  , 1
69.54  , 1
97.9   , 1
87.82  , 1
4.51   , 1
35.33  , 1
61.11  , 1
4.95   , 1
16.98  , 1
14.63  , 1
46.42  , 1
98.27  , 1
50.87  , 1
15.2   , 1
11.72  , 1
14.34  , 1
60.65  , 1
36.01  , 1
30.48  , 1
76.8   , 1
11.8   , 1
18.57  , 1
96.88  , 1
84.81  , 1
40.12  , 1
78.77  , 1
8.34   , 1
52.2   , 1
75.45  , 1
23.96  , 1
91.15  , 1
30.18  , 1
22.4   , 1
84.74  , 1
48.17  , 1
56.59  , 1
99.38  , 1
6.33   , 1
85.28  , 1
33.72  , 1
82.46  , 1
47.39  , 1
36.14  , 1
39.78  , 1
13.26  , 1
98.97  , 1
37.75  , 1
61.92  , 1
69.03  , 1
70.07  , 1
63.37  , 1
21.59  , 1
16.81  , 1
57.89  , 1
89.16  , 1
65.69  , 1
65.34  , 1
75.41  , 1
39.36  , 1
36.39  , 1
33.61  , 1
49.76  , 1
53.63  , 1
33.93  , 1
7.42   , 1
9.45   , 1
62.67  , 1
36.66  , 1
74.16  , 1
81.46  , 1
62.01  , 1
4.5    , 1
2.17   , 1
11.27  , 1
10.06  , 1
36.17  , 1
91.35  , 1
16.91  , 1
2.41   , 1
95.56  , 1
15.31  , 1
42.73  , 1
25.81  , 1
87.08  , 1
65.31  , 1
82.71  , 1
50.92  , 1
45.93  , 1
7.68   , 1
87.06  , 1
49.37  , 1
21.96  , 1
39.49  , 1
25.26  , 1
25.31  , 1
96.73  , 1
40.07  , 1
76.57  , 1
2.47   , 1
57.25  , 1
91.88  , 1
23.36  , 1
92.69  , 1
85.29  , 1
22.55  , 1
80.6   , 1
73.41  , 1
27.96  , 1
62.13  , 1
83.22  , 1
29.7   , 1
91.93  , 1
45.36  , 1
90.57  , 1
50.06  , 1
14.1   , 1
56.43  , 1
51.59  , 1
52.05  , 1
89.39  , 1
72.46  , 1
48.37  , 1
37.69  , 1
48.24  , 1
8.05   , 1
29.62  , 1
24.5   , 1
74.17  , 1
17.83  , 1
56.64  , 1
15.59  , 1
25.57  , 1
86.27  , 1
68.3   , 1
42.8   , 1
91.03  , 1
99.97  , 1
13.51  , 1
14.86  , 1
48.16  , 1
22.27  , 1
66.02  , 1
32.25  , 1
21.57  , 1
74.69  , 1
32.23  , 1
1.61   , 1
40.92  , 1
79.03  , 1
81.65  , 1
84.67  , 1
20.96  , 1
50.95  , 1
45.91  , 1
19.34  , 1
89.18  , 1
17.08  , 1
87.07  , 1
86.26  , 1
23.57  , 1
26.14  , 1
19.03  , 1
1.48   , 1
86.66  , 1
5.98   , 1
7.52   , 1
95.0   , 1
58.74  , 1
1.46   , 1
33.58  , 1
38.59  , 1
75.26  , 1
75.23  , 1
2.44   , 1
7.92   , 1
18.62  , 1
66.8   , 1
61.16  , 1
51.89  , 1
96.62  , 1
74.86  , 1
45.37  , 1
30.14  , 1
98.02  , 1
96.61  , 1
98.26  , 1
96.71  , 1
67.6   , 1
47.43  , 1
74.05  , 1
13.7   , 1
37.76  , 1
55.49  , 1
61.94  , 1
89.33  , 1
43.66  , 1
86.15  , 1
24.88  , 1
27.29  , 1
25.67  , 1
80.47  , 1
23.22  , 1
15.61  , 1
89.02  , 1
27.3   , 1
32.0   , 1
83.11  , 1
41.37  , 1
91.67  , 1
71.14  , 1
66.11  , 1
76.76  , 1
57.92  , 1
34.77  , 1
2.77   , 1
59.59  , 1
32.8   , 1
33.94  , 1
40.29  , 1
30.92  , 1
72.52  , 1
89.38  , 1
63.78  , 1
12.88  , 1
29.86  , 1
87.87  , 1
48.36  , 1
7.24   , 1
2.8    , 1
23.87  , 1
33.85  , 1
85.21  , 1
49.91  , 1
34.25  , 1
3.71   , 1
82.66  , 1
23.33  , 1
52.29  , 1
61.14  , 1
18.04  , 1
98.21  , 1
44.53  , 1
91.95  , 1
30.53  , 1
74.04  , 1
30.38  , 1
20.86  , 1
72.6   , 1
8.77   , 1
22.83  , 1
25.7   , 1
28.11  , 1
21.43  , 1
92.71  , 1
46.22  , 1
31.94  , 1
27.08  , 1
56.94  , 1
39.37  , 1
87.34  , 1
29.73  , 1
16.88  , 1
62.83  , 1
78.24  , 1
70.49  , 1
28.81  , 1
84.76  , 1
91.17  , 1
72.08  , 1
31.82  , 1
7.48   , 1
47.53  , 1
14.42  , 1
45.6   , 1
24.67  , 1
49.35  , 1
63.44  , 1
14.05  , 1
83.96  , 1
26.4   , 1
62.34  , 1
69.52  , 1
36.2   , 1
41.69  , 1
51.56  , 1
59.8   , 1
79.71  , 1
39.16  , 1
47.56  , 1
70.67  , 1
30.68  , 1
76.75  , 1
28.58  , 1
32.21  , 1
87.03  , 1
68.91  , 1
7.22   , 1
6.9    , 1
84.71  , 1
5.8    , 1
88.64  , 1
5.61   , 1
45.11  , 1
85.02  , 1
21.16  , 1
26.26  , 1
60.2   , 1
18.31  , 1
88.59  , 1
61.89  , 1
18.85  , 1
43.3   , 1
26.28  , 1
22.47  , 1
22.97  , 1
51.35  , 1
63.87  , 1
35.34  , 1
23.98  , 1
53.78  , 1
20.47  , 1
88.4   , 1
86.14  , 1
45.43  , 1
75.27  , 1
11.54  , 1
10.71  , 1
86.59  , 1
51.49  , 1
37.81  , 1
8.7    , 1
70.69  , 1
63.45  , 1
25.61  , 1
56.21  , 1
95.66  , 1
54.19  , 1
44.11  , 1
45.31  , 1
82.29  , 1
58.83  , 1
36.05  , 1
66.79  , 1
27.82  , 1
21.51  , 1
66.95  , 1
58.79  , 1
70.66  , 1
52.96  , 1
0.83   , 1
64.23  , 1
14.31  , 1
5.46   , 1
25.59  , 1
42.81  , 1
83.55  , 1
38.47  , 1
8.68   , 1
31.62  , 1
25.69  , 1
46.7   , 1
55.47  , 1
80.58  , 1
57.4   , 1
70.85  , 1
14.92  , 1
3.99   , 1
73.85  , 1
36.34  , 1
12.85  , 1
95.87  , 1
30.58  , 1
33.52  , 1
26.86  , 1
35.42  , 1
45.88  , 1
88.62  , 1
43.73  , 1
20.91  , 1
37.18  , 1
87.01  , 1
19.7   , 1
74.11  , 1
28.97  , 1
21.53  , 1
75.42  , 1
46.69  , 1
66.45  , 1
70.42  , 1
49.51  , 1
24.55  , 1
4.39   , 1
38.78  , 1
50.98  , 1
44.83  , 1
14.47  , 1
0.96   , 1
96.07  , 1
74.72  , 1
36.75  , 1
25.75  , 1
64.45  , 1
98.81  , 1
9.63   , 1
80.57  , 1
67.3   , 1
85.41  , 1
72.91  , 1
63.1   , 1
49.8   , 1
8.06   , 1
66.06  , 1
72.8   , 1
60.9   , 1
73.17  , 1
13.68  , 1
74.14  , 1
25.77  , 1
86.16  , 1
8.84   , 1
77.37  , 1
90.97  , 1
97.93  , 1
42.43  , 1
52.88  , 1
50.56  , 1
30.12  , 1
30.99  , 1
92.67  , 1
50.52  , 1
70.5   , 1
74.13  , 1
24.15  , 1
60.93  , 1
49.79  , 1
48.48  , 1
1.57   , 1
76.05  , 1
21.81  , 1
2.67   , 1
2.59   , 1
17.22  , 1
40.08  , 1
2.68   , 1
45.68  , 1
97.34  , 1
61.69  , 1
39.09  , 1
10.05  , 1
42.7   , 1
33.4   , 1
99.53  , 1
33.83  , 1
53.54  , 1
33.87  , 1
83.81  , 1
43.1   , 1
75.75  , 1
59.02  , 1
78.68  , 1
15.25  , 1
67.69  , 1
34.0   , 1
73.02  , 1
1.97   , 1
27.16  , 1
75.97  , 1
85.76  , 1
40.55  , 1
97.09  , 1
37.2   , 1
64.7   , 1
45.07  , 1
67.93  , 1
39.68  , 1
44.6   , 1
4.54   , 1
92.35  , 1
79.73  , 1
29.18  , 1
36.48  , 1
20.1   , 1
81.85  , 1
11.57  , 1
71.07  , 1
20.95  , 1
34.08  , 1
95.08  , 1
82.45  , 1
13.09  , 1
43.07  , 1
84.17  , 1
87.31  , 1
10.85  , 1
26.48  , 1
81.74  , 1
4.15   , 1
1.52   , 1
85.39  , 1
59.03  , 1
45.47  , 1
30.46  , 1
34.01  , 1
47.82  , 1
5.04   , 1
60.44  , 1
1.86   , 1
82.95  , 1
47.74  , 1
30.74  , 1
43.53  , 1
70.91  , 1
96.42  , 1
5.81   , 1
43.68  , 1
15.65  , 1
86.58  , 1
24.95  , 1
41.24  , 1
18.78  , 1
19.37  , 1
83.78  , 1
56.12  , 1
97.0   , 1
40.44  , 1
50.88  , 1
48.42  , 1
23.73  , 1
75.46  , 1
10.91  , 1
53.73  , 1
67.92  , 1
28.05  , 1
11.13  , 1
13.82  , 1
68.59  , 1
98.52  , 1
79.25  , 1
78.71  , 1
17.47  , 1
32.46  , 1
50.76  , 1
54.21  , 1
45.33  , 1
37.06  , 1
38.14  , 1
24.84  , 1
60.37  , 1
21.56  , 1
48.62  , 1
71.27  , 1
97.56  , 1
4.87   , 1
28.38  , 1
38.73  , 1
23.72  , 1
90.46  , 1
79.31  , 1
4.98   , 1
11.42  , 1
26.42  , 1
53.61  , 1
76.32  , 1
26.17  , 1
53.95  , 1
12.22  , 1
85.32  , 1
26.99  , 1
46.18  , 1
66.91  , 1
69.93  , 1
19.62  , 1
70.6   , 1
16.96  , 1
72.61  , 1
10.84  , 1
9.13   , 1
79.07  , 1
14.59  , 1
59.14  , 1
40.58  , 1
12.29  , 1
57.76  , 1
24.06  , 1
77.86  , 1
87.68  , 1
56.53  , 1
65.46  , 1
1.63   , 1
22.45  , 1
71.51  , 1
1.05   , 1
22.63  , 1
48.75  , 1
58.4   , 1
26.25  , 1
48.7   , 1
64.88  , 1
82.3   , 1
19.91  , 1
4.21   , 1
64.79  , 1
21.03  , 1
37.99  , 1
83.1   , 1
96.72  , 1
73.42  , 1
2.72   , 1
98.15  , 1
33.38  , 1
32.69  , 1
43.98  , 1
15.53  , 1
14.54  , 1
52.59  , 1
8.27   , 1
62.74  , 1
12.51  , 1
70.97  , 1
96.05  , 1
10.36  , 1
78.39  , 1
84.27  , 1
66.17  , 1
9.02   , 1
85.5   , 1
7.08   , 1
25.8   , 1
23.65  , 1
98.44  , 1
30.42  , 1
57.04  , 1
31.7   , 1
92.25  , 1
46.79  , 1
56.57  , 1
82.49  , 1
53.84  , 1
94.39  , 1
90.47  , 1
13.15  , 1
87.14  , 1
73.76  , 1
47.58  , 1
19.61  , 1
56.55  , 1
51.85  , 1
96.02  , 1
74.24  , 1
55.68  , 1
38.01  , 1
61.07  , 1
48.71  , 1
3.66   , 1
79.47  , 1
51.68  , 1
42.24  , 1
94.49  , 1
57.57  , 1
21.78  , 1
39.01  , 1
69.09  , 1
85.11  , 1
33.89  , 1
97.5   , 1
59.11  , 1
38.64  , 1
1.74   , 1
46.93  , 1
39.7   , 1
11.45  , 1
79.49  , 1
10.98  , 1
96.31  , 1
50.82  , 1
48.6   , 1
53.7   , 1
63.53  , 1
78.2   , 1
70.82  , 1
97.32  , 1
26.53  , 1
76.25  , 1
40.27  , 1
91.44  , 1
15.48  , 1
3.57   , 1
44.09  , 1
90.58  , 1
5.78   , 1
65.28  , 1
24.63  , 1
32.74  , 1
97.3   , 1
23.28  , 1
61.32  , 1
61.72  , 1
65.74  , 1
63.36  , 1
77.07  , 1
72.2   , 1
38.18  , 1
25.72  , 1
19.63  , 1
58.29  , 1
39.9   , 1
59.91  , 1
79.26  , 1
71.45  , 1
68.39  , 1
97.43  , 1
37.46  , 1
42.63  , 1
86.56  , 1
40.76  , 1
21.84  , 1
62.57  , 1
40.52  , 1
46.88  , 1
75.3   , 1
57.48  , 1
50.81  , 1
16.9   , 1
69.3   , 1
31.83  , 1
95.6   , 1
38.08  , 1
23.39  , 1
59.51  , 1
62.39  , 1
58.16  , 1
4.96   , 1
45.05  , 1
60.91  , 1
4.9    , 1
4.31   , 1
98.23  , 1
6.75   , 1
66.57  , 1
53.65  , 1
85.23  , 1
19.52  , 1
21.14  , 1
21.88  , 1
13.21  , 1
97.45  , 1
99.64  , 1
66.46  , 1
44.66  , 1
43.74  , 1
66.58  , 1
74.68  , 1
40.43  , 1
19.29  , 1
95.02  , 1
17.04  , 1
39.54  , 1
47.7   , 1
4.32   , 1
42.94  , 1
88.47  , 1
71.66  , 1
16.69  , 1
18.51  , 1
39.95  , 1
22.92  , 1
99.71  , 1
68.68  , 1
39.02  , 1
10.99  , 1
82.57  , 1
6.02   , 1
46.91  , 1
97.59  , 1
40.46  , 1
56.9   , 1
49.12  , 1
28.14  , 1
84.78  , 1
90.7   , 1
45.84  , 1
14.64  , 1
51.26  , 1
88.49  , 1
20.26  , 1
80.94  , 1
85.68  , 1
15.41  , 1
56.11  , 1
61.04  , 1
84.4   , 1
15.51  , 1
94.94  , 1
44.63  , 1
48.53  , 1
51.87  , 1
87.28  , 1
29.56  , 1
99.46  , 1
44.19  , 1
79.7   , 1
75.17  , 1
0.81   , 1
46.92  , 1
20.5   , 1
31.47  , 1
60.03  , 1
6.01   , 1
27.92  , 1
29.66  , 1
98.69  , 1
30.26  , 1
47.71  , 1
68.27  , 1
60.5   , 1
42.17  , 1
22.01  , 1
64.69  , 1
89.22  , 1
86.08  , 1
99.93  , 1
63.03  , 1
67.91  , 1
66.4   , 1
56.97  , 1
32.39  , 1
40.7   , 1
47.78  , 1
20.37  , 1
1.75   , 1
61.98  , 1
69.5   , 1
67.96  , 1
67.0   , 1
83.93  , 1
74.84  , 1
77.98  , 1
19.12  , 1
35.68  , 1
52.37  , 1
31.02  , 1
7.97   , 1
51.36  , 1
73.87  , 1
40.47  , 1
91.27  , 1
26.8   , 1
98.74  , 1
97.79  , 1
38.58  , 1
11.41  , 1
19.67  , 1
42.56  , 1
51.73  , 1
7.57   , 1
6.86   , 1
19.55  , 1
98.71  , 1
90.69  , 1
0.47   , 1
86.88  , 1
77.36  , 1
74.48  , 1
79.21  , 1
58.41  , 1
66.48  , 1
41.26  , 1
34.35  , 1
40.2   , 1
9.09   , 1
83.95  , 1
46.66  , 1
80.73  , 1
39.04  , 1
10.44  , 1
55.52  , 1
43.99  , 1
77.04  , 1
7.78   , 1
6.49   , 1
58.56  , 1
72.31  , 1
91.83  , 1
95.36  , 1
20.4   , 1
79.82  , 1
45.51  , 1
98.96  , 1
53.74  , 1
44.0   , 1
50.31  , 1
61.62  , 1
76.1   , 1
26.72  , 1
99.63  , 1
66.3   , 1
73.95  , 1
92.04  , 1
7.3    , 1
27.71  , 1
43.31  , 1
35.55  , 1
24.65  , 1
36.03  , 1
23.52  , 1
79.72  , 1
15.56  , 1
36.52  , 1
30.88  , 1
37.07  , 1
48.9   , 1
72.26  , 1
94.54  , 1
0.64   , 1
65.82  , 1
74.74  , 1
66.6   , 1
42.46  , 1
62.32  , 1
92.5   , 1
65.55  , 1
33.08  , 1
87.63  , 1
53.25  , 1
34.23  , 1
73.06  , 1
50.48  , 1
37.73  , 1
29.72  , 1
91.78  , 1
88.39  , 1
97.92  , 1
52.44  , 1
40.95  , 1
61.65  , 1
90.36  , 1
88.54  , 1
14.16  , 1
75.03  , 1
0.05   , 1
78.49  , 1
98.83  , 1
12.39  , 1
25.06  , 1
75.36  , 1
35.99  , 1
21.92  , 1
15.39  , 1
91.25  , 1
30.94  , 1
13.05  , 1
1.94   , 1
23.05  , 1
24.47  , 1
78.78  , 1
96.19  , 1
30.76  , 1
90.35  , 1
94.58  , 1
73.24  , 1
70.99  , 1
68.52  , 1
32.72  , 1
32.86  , 1
52.53  , 1
44.39  , 1
66.14  , 1
45.26  , 1
61.79  , 1
24.25  , 1
33.33  , 1
21.34  , 1
30.08  , 1
84.96  , 1
63.79  , 1
7.7    , 1
26.06  , 1
12.09  , 1
23.18  , 1
29.43  , 1
51.92  , 1
87.58  , 1
33.16  , 1
36.69  , 1
23.8   , 1
82.76  , 1
37.26  , 1
58.1   , 1
4.46   , 1
18.79  , 1
67.81  , 1
5.56   , 1
18.9   , 1
59.76  , 1
18.11  , 1
27.07  , 1
65.91  , 1
4.28   , 1
4.45   , 1
27.47  , 1
66.24  , 1
73.47  , 1
62.43  , 1
46.73  , 1
64.19  , 1
71.74  , 1
51.91  , 1
41.07  , 1
85.65  , 1
89.45  , 1
19.81  , 1
13.13  , 1
17.88  , 1
73.45  , 1
71.49  , 1
97.86  , 1
28.0   , 1
87.99  , 1
52.89  , 1
97.82  , 1
57.37  , 1
78.25  , 1
85.93  , 1
59.75  , 1
8.86   , 1
4.36   , 1
60.0   , 1
16.97  , 1
74.58  , 1
70.9   , 1
12.96  , 1
65.24  , 1
79.11  , 1
64.6   , 1
41.3   , 1
8.08   , 1
1.03   , 1
60.16  , 1
99.05  , 1
88.53  , 1
90.91  , 1
61.26  , 1
72.55  , 1
13.67  , 1
27.59  , 1
92.56  , 1
3.6    , 1
91.51  , 1
0.53   , 1
44.42  , 1
72.96  , 1
17.69  , 1
24.45  , 1
53.3   , 1
51.41  , 1
17.7   , 1
81.01  , 1
62.73  , 1
5.73   , 1
78.18  , 1
57.83  , 1
39.14  , 1
13.84  , 1
25.14  , 1
65.03  , 1
72.21  , 1
79.65  , 1
22.09  , 1
46.59  , 1
45.06  , 1
90.18  , 1
73.44  , 1
95.22  , 1
92.78  , 1
75.88  , 1
24.13  , 1
82.24  , 1
17.14  , 1
71.02  , 1
79.8   , 1
88.82  , 1
52.72  , 1
67.8   , 1
19.3   , 1
58.11  , 1
50.85  , 1
64.39  , 1
56.82  , 1
49.34  , 1
31.58  , 1
57.31  , 1
34.84  , 1
2.25   , 1
43.16  , 1
2.02   , 1
42.75  , 1
81.36  , 1
69.56  , 1
48.72  , 1
99.84  , 1
84.49  , 1
11.05  , 1
32.89  , 1
71.18  , 1
61.66  , 1
91.14  , 1
87.91  , 1
82.69  , 1
17.61  , 1
39.07  , 1
65.73  , 1
95.95  , 1
63.71  , 1
48.01  , 1
31.54  , 1
22.65  , 1
48.86  , 1
86.79  , 1
62.44  , 1
61.35  , 1
21.89  , 1
61.4   , 1
29.88  , 1
63.77  , 1
85.15  , 1
87.17  , 1
90.39  , 1
61.33  , 1
95.84  , 1
26.85  , 1
7.41   , 1
37.5   , 1
12.13  , 1
12.33  , 1
60.58  , 1
74.28  , 1
44.81  , 1
42.79  , 1
47.23  , 1
71.38  , 1
85.47  , 1
73.21  , 1
40.28  , 1
89.1   , 1
11.73  , 1
29.31  , 1
96.63  , 1
76.67  , 1
97.4   , 1
33.74  , 1
18.58  , 1
90.25  , 1
24.23  , 1
54.11  , 1
7.09   , 1
66.55  , 1
71.37  , 1
0.59   , 1
69.36  , 1
56.98  , 1
79.66  , 1
78.16  , 1
82.33  , 1
53.89  , 1
21.63  , 1
13.62  , 1
64.08  , 1
56.23  , 1
74.12  , 1
11.74  , 1
90.79  , 1
25.83  , 1
84.28  , 1
23.81  , 1
40.84  , 1
84.3   , 1
95.19  , 1
87.11  , 1
73.72  , 1
21.72  , 1
34.79  , 1
32.56  , 1
34.18  , 1
69.07  , 1
53.4   , 1
48.59  , 1
20.45  , 1
39.64  , 1
75.85  , 1
52.77  , 1
0.22   , 1
49.42  , 1
10.24  , 1
62.93  , 1
24.87  , 1
65.14  , 1
63.42  , 1
26.38  , 1
89.55  , 1
85.69  , 1
29.8   , 1
85.92  , 1
64.9   , 1
42.77  , 1
6.85   , 1
59.4   , 1
48.21  , 1
78.96  , 1
58.49  , 1
70.34  , 1
33.77  , 1
43.23  , 1
58.19  , 1
84.46  , 1
8.13   , 1
47.92  , 1
5.74   , 1
45.96  , 1
39.94  , 1
18.74  , 1
86.91  , 1
91.55  , 1
59.69  , 1
59.98  , 1
91.04  , 1
56.46  , 1
29.33  , 1
69.02  , 1
31.46  , 1
99.9   , 1
95.55  , 1
34.31  , 1
96.44  , 1
79.16  , 1
81.27  , 1
18.22  , 1
27.41  , 1
42.96  , 1
12.35  , 1
84.56  , 1
79.44  , 1
51.45  , 1
61.25  , 1
17.94  , 1
0.51   , 1
84.44  , 1
52.81  , 1
88.31  , 1
25.29  , 1
81.06  , 1
4.67   , 1
4.41   , 1
22.05  , 1
47.35  , 1
31.26  , 1
84.6   , 1
92.38  , 1
60.92  , 1
89.94  , 1
22.58  , 1
62.69  , 1
30.75  , 1
62.1   , 1
6.45   , 1
11.29  , 1
97.62  , 1
11.46  , 1
53.32  , 1
15.03  , 1
95.45  , 1
64.09  , 1
26.76  , 1
14.95  , 1
14.19  , 1
26.29  , 1
28.2   , 1
3.62   , 1
56.61  , 1
43.46  , 1
98.79  , 1
23.83  , 1
58.95  , 1
91.05  , 1
25.49  , 1
47.21  , 1
41.58  , 1
1.16   , 1
83.91  , 1
19.26  , 1
89.84  , 1
75.87  , 1
96.21  , 1
95.07  , 1
52.01  , 1
30.84  , 1
83.37  , 1
63.63  , 1
84.24  , 1
41.15  , 1
26.67  , 1
75.32  , 1
18.38  , 1
67.29  , 1
89.4   , 1
25.21  , 1
31.76  , 1
63.54  , 1
62.48  , 1
70.51  , 1
85.59  , 1
32.03  , 1
83.6   , 1
61.05  , 1
97.65  , 1
36.22  , 1
28.68  , 1
92.76  , 1
88.24  , 1
66.54  , 1
84.84  , 1
12.61  , 1
36.54  , 1
31.49  , 1
21.94  , 1
94.26  , 1
56.86  , 1
99.49  , 1
9.4    , 1
26.95  , 1
3.97   , 1
40.02  , 1
55.78  , 1
13.4   , 1
63.46  , 1
49.74  , 1
70.56  , 1
83.13  , 1
33.79  , 1
8.74   , 1
92.98  , 1
87.74  , 1
76.96  , 1
22.72  , 1
27.93  , 1
39.23  , 1
65.58  , 1
64.98  , 1
7.83   , 1
12.62  , 1
48.25  , 1
81.6   , 1
52.84  , 1
85.34  , 1
10.61  , 1
30.69  , 1
68.72  , 1
75.55  , 1
33.32  , 1
53.49  , 1
22.66  , 1
10.2   , 1
27.69  , 1
94.74  , 1
59.26  , 1
35.13  , 1
94.66  , 1
60.46  , 1
81.31  , 1
50.65  , 1
95.2   , 1
67.88  , 1
32.34  , 1
70.46  , 1
8.54   , 1
47.5   , 1
87.38  , 1
82.59  , 1
44.2   , 1
12.3   , 1
94.7   , 1
68.63  , 1
25.22  , 1
97.53  , 1
71.6   , 1
17.59  , 1
50.99  , 1
46.19  , 1
53.9   , 1
87.44  , 1
61.97  , 1
61.42  , 1
70.06  , 1
33.18  , 1
69.86  , 1
18.26  , 1
29.42  , 1
34.21  , 1
45.27  , 1
23.49  , 1
57.55  , 1
27.74  , 1
1.69   , 1
60.36  , 1
26.3   , 1
9.0    , 1
60.8   , 1
14.6   , 1
33.69  , 1
48.83  , 1
92.73  , 1
38.68  , 1
79.36  , 1
59.01  , 1
52.24  , 1
45.81  , 1
97.68  , 1
51.33  , 1
23.7   , 1
33.01  , 1
94.5   , 1
53.42  , 1
4.71   , 1
94.24  , 1
45.18  , 1
29.9   , 1
94.34  , 1
43.17  , 1
4.33   , 1
84.01  , 1
40.33  , 1
90.82  , 1
57.21  , 1
64.99  , 1
30.33  , 1
68.51  , 1
30.3   , 1
94.85  , 1
45.29  , 1
68.98  , 1
26.43  , 1
72.93  , 1
56.05  , 1
31.85  , 1
4.44   , 1
12.0   , 1
50.12  , 1
45.83  , 1
52.09  , 1
0.46   , 1
91.07  , 1
50.45  , 1
0.89   , 1
29.94  , 1
58.22  , 1
52.25  , 1
13.8   , 1
22.68  , 1
84.53  , 1
92.28  , 1
75.67  , 1
82.62  , 1
94.87  , 1
43.95  , 1
18.39  , 1
91.02  , 1
91.32  , 1
95.33  , 1
65.64  , 1
95.85  , 1
63.89  , 1
99.16  , 1
73.3   , 1
46.14  , 1
30.03  , 1
37.66  , 1
5.6    , 1
23.12  , 1
17.49  , 1
49.63  , 1
57.82  , 1
64.16  , 1
17.07  , 1
7.03   , 1
52.08  , 1
17.48  , 1
24.07  , 1
12.65  , 1
49.66  , 1
65.23  , 1
34.38  , 1
37.39  , 1
54.12  , 1
7.93   , 1
83.47  , 1
96.46  , 1
38.32  , 1
79.33  , 1
52.49  , 1
90.04  , 1
94.92  , 1
67.07  , 1
86.57  , 1
20.22  , 1
37.7   , 1
53.66  , 1
18.05  , 1
96.48  , 1
4.61   , 1
99.56  , 1
69.95  , 1
18.41  , 1
8.63   , 1
77.03  , 1
83.87  , 1
2.21   , 1
59.08  , 1
38.41  , 1
13.2   , 1
39.41  , 1
21.9   , 1
26.35  , 1
51.11  , 1
63.07  , 1
61.9   , 1
78.66  , 1
23.56  , 1
88.32  , 1
78.97  , 1
22.3   , 1
62.17  , 1
20.72  , 1
53.72  , 1
2.61   , 1
89.83  , 1
31.71  , 1
18.46  , 1
82.68  , 1
23.14  , 1
44.86  , 1
53.11  , 1
15.29  , 1
62.78  , 1
52.41  , 1
84.09  , 1
74.21  , 1
47.27  , 1
18.49  , 1
90.5   , 1
95.73  , 1
57.71  , 1
72.32  , 1
90.32  , 1
70.89  , 1
90.71  , 1
27.94  , 1
83.66  , 1
39.11  , 1
8.33   , 1
24.82  , 1
4.79   , 1
99.36  , 1
43.84  , 1
47.46  , 1
84.45  , 1
51.29  , 1
35.19  , 1
45.67  , 1
36.81  , 1
53.26  , 1
94.61  , 1
6.94   , 1
92.34  , 1
52.62  , 1
33.34  , 1
91.56  , 1
51.16  , 1
64.73  , 1
59.45  , 1
12.56  , 1
71.7   , 1
64.03  , 1
86.84  , 1
72.07  , 1
65.89  , 1
94.98  , 1
8.55   , 1
5.3    , 1
74.88  , 1
91.97  , 1
81.72  , 1
77.34  , 1
35.08  , 1
42.91  , 1
31.86  , 1
76.91  , 1
76.88  , 1
26.64  , 1
38.89  , 1
56.52  , 1
27.25  , 1
22.22  , 1
47.36  , 1
71.73  , 1
90.06  , 1
87.12  , 1
67.25  , 1
76.35  , 1
20.62  , 1
96.98  , 1
63.3   , 1
78.37  , 1
22.19  , 1
94.93  , 1
98.05  , 1
63.28  , 1
17.39  , 1
67.18  , 1
31.87  , 1
70.16  , 1
51.18  , 1
68.89  , 1
23.85  , 1
4.12   , 1
8.57   , 1
19.82  , 1
4.94   , 1
5.24   , 1
71.5   , 1
31.07  , 1
4.49   , 1
83.74  , 1
10.37  , 1
37.51  , 1
78.92  , 1
4.14   , 1
46.56  , 1
62.33  , 1
39.52  , 1
82.74  , 1
46.06  , 1
40.13  , 1
42.84  , 1
76.02  , 1
58.91  , 1
89.77  , 1
50.78  , 1
25.46  , 1
60.84  , 1
36.1   , 1
76.92  , 1
28.45  , 1
65.36  , 1
75.01  , 1
14.12  , 1
60.21  , 1
90.01  , 1
40.67  , 1
44.96  , 1
47.47  , 1
2.01   , 1
25.45  , 1
27.06  , 1
39.88  , 1
59.23  , 1
64.06  , 1
6.96   , 1
94.62  , 1
91.24  , 1
37.55  , 1
11.5   , 1
74.32  , 1
37.59  , 1
48.84  , 1
52.26  , 1
91.42  , 1
13.54  , 1
78.72  , 1
79.57  , 1
88.42  , 1
36.79  , 1
91.26  , 1
43.43  , 1
40.73  , 1
71.79  , 1
26.04  , 1
84.91  , 1
77.95  , 1
98.33  , 1
80.77  , 1
66.56  , 1
74.52  , 1
30.31  , 1
53.31  , 1
79.28  , 1
89.88  , 1
99.58  , 1
36.25  , 1
41.35  , 1
79.46  , 1
3.94   , 1
52.8   , 1
24.3   , 1
37.19  , 1
93.67  , 1
64.75  , 1
0.37   , 1
62.58  , 1
60.83  , 1
68.55  , 1
37.44  , 1
48.67  , 1
60.59  , 1
96.34  , 1
92.41  , 1
23.51  , 1
1.07   , 1
84.43  , 1
73.2   , 1
77.26  , 1
32.35  , 1
92.54  , 1
7.33   , 1
92.61  , 1
10.59  , 1
42.68  , 1
12.36  , 1
5.7    , 1
74.54  , 1
7.47   , 1
53.12  , 1
72.48  , 1
41.12  , 1
96.99  , 1
0.82   , 1
94.67  , 1
88.17  , 1
84.36  , 1
13.32  , 1
62.85  , 1
18.69  , 1
49.96  , 1
20.23  , 1
18.81  , 1
92.01  , 1
53.51  , 1
28.62  , 1
30.29  , 1
49.7   , 1
26.65  , 1
5.39   , 1
24.28  , 1
43.65  , 1
93.92  , 1
69.98  , 1
98.76  , 1
19.84  , 1
12.17  , 1
25.89  , 1
24.43  , 1
23.67  , 1
30.89  , 1
99.59  , 1
77.96  , 1
33.59  , 1
68.19  , 1
38.45  , 1
6.92   , 1
97.37  , 1
80.14  , 1
56.84  , 1
49.48  , 1
36.93  , 1
59.46  , 1
38.27  , 1
22.98  , 1
68.75  , 1
95.74  , 1
92.02  , 1
6.2    , 1
26.16  , 1
53.92  , 1
33.13  , 1
69.81  , 1
17.92  , 1
71.53  , 1
24.05  , 1
8.36   , 1
14.13  , 1
97.73  , 1
48.45  , 1
10.62  , 1
49.95  , 1
32.83  , 1
97.67  , 1
21.15  , 1
51.0   , 1
39.53  , 1
72.64  , 1
63.15  , 1
36.82  , 1
59.92  , 1
91.64  , 1
58.25  , 1
32.96  , 1
22.93  , 1
58.76  , 1
33.27  , 1
27.57  , 1
52.65  , 1
22.91  , 1
43.93  , 1
16.64  , 1
65.66  , 1
59.87  , 1
45.13  , 1
46.61  , 1
71.17  , 1
97.01  , 1
58.67  , 1
82.77  , 1
31.69  , 1
69.35  , 1
24.54  , 1
71.22  , 1
21.39  , 1
37.91  , 1
8.3    , 1
59.79  , 1
2.08   , 1
11.36  , 1
51.71  , 1
59.33  , 1
64.78  , 1
33.17  , 1
80.99  , 1
9.75   , 1
45.45  , 1
1.44   , 1
64.63  , 1
10.66  , 1
11.63  , 1
15.0   , 1
36.67  , 1
0.92   , 1
94.3   , 1
46.41  , 1
13.07  , 1
51.72  , 1
84.14  , 1
84.37  , 1
54.22  , 1
45.78  , 1
59.21  , 1
6.93   , 1
15.46  , 1
48.89  , 1
71.58  , 1
97.98  , 1
68.4   , 1
45.0   , 1
26.68  , 1
95.35  , 1
61.74  , 1
45.34  , 1
36.46  , 1
19.5   , 1
63.18  , 1
42.95  , 1
82.41  , 1
4.69   , 1
17.64  , 1
21.08  , 1
10.49  , 1
61.91  , 1
39.3   , 1
69.04  , 1
38.85  , 1
88.93  , 1
60.14  , 1
1.88   , 1
14.23  , 1
80.82  , 1
72.77  , 1
99.98  , 1
19.87  , 1
25.01  , 1
60.42  , 1
24.66  , 1
15.27  , 1
71.41  , 1
60.13  , 1
62.21  , 1
36.09  , 1
26.02  , 1
46.96  , 1
69.78  , 1
75.51  , 1
4.64   , 1
76.53  , 1
5.12   , 1
88.72  , 1
91.92  , 1
92.7   , 1
97.12  , 1
95.32  , 1
15.57  , 1
70.22  , 1
27.24  , 1
65.43  , 1
55.39  , 1
65.07  , 1
95.91  , 1
26.92  , 1
53.41  , 1
70.26  , 1
85.96  , 1
22.17  , 1
38.03  , 1
72.82  , 1
90.72  , 1
9.77   , 1
74.71  , 1
34.48  , 1
86.63  , 1
0.26   , 1
72.71  , 1
36.45  , 1
79.18  , 1
87.24  , 1
90.89  , 1
75.94  , 1
28.22  , 1
2.52   , 1
78.27  , 1
86.43  , 1
87.84  , 1
19.17  , 1
79.17  , 1
89.05  , 1
53.1   , 1
1.08   , 1
25.09  , 1
58.85  , 1
24.78  , 1
61.18  , 1
32.19  , 1
46.57  , 1
11.79  , 1
14.04  , 1
98.57  , 1
17.45  , 1
30.4   , 1
20.35  , 1
27.39  , 1
7.9    , 1
4.74   , 1
41.4   , 1
64.32  , 1
38.43  , 1
42.07  , 1
77.18  , 1
84.04  , 1
82.56  , 1
85.66  , 1
86.76  , 1
32.65  , 1
30.98  , 1
15.21  , 1
21.93  , 1
58.34  , 1
68.31  , 1
69.89  , 1
64.11  , 1
57.13  , 1
69.46  , 1
95.14  , 1
67.02  , 1
92.32  , 1
17.25  , 1
87.92  , 1
34.52  , 1
84.42  , 1
21.04  , 1
59.38  , 1
28.07  , 1
46.55  , 1
11.93  , 1
28.02  , 1
5.18   , 1
53.88  , 1
14.32  , 1
60.34  , 1
31.1   , 1
7.58   , 1
71.85  , 1
68.85  , 1
91.59  , 1
5.45   , 1
77.92  , 1
47.22  , 1
7.14   , 1
12.44  , 1
13.53  , 1
36.77  , 1
4.8    , 1
52.54  , 1
38.02  , 1
45.38  , 1
75.7   , 1
63.4   , 1
6.81   , 1
40.8   , 1
43.63  , 1
59.54  , 1
91.08  , 1
29.89  , 1
87.2   , 1
60.41  , 1
91.45  , 1
17.8   , 1
98.91  , 1
56.93  , 1
74.77  , 1
52.69  , 1
33.71  , 1
59.3   , 1
76.36  , 1
49.6   , 1
5.35   , 1
27.04  , 1
71.77  , 1
5.33   , 1
46.45  , 1
43.97  , 1
56.69  , 1
98.86  , 1
45.01  , 1
10.27  , 1
86.46  , 1
99.14  , 1
40.21  , 1
56.65  , 1
16.58  , 1
86.31  , 1
8.95   , 1
29.14  , 1
27.38  , 1
68.24  , 1
92.45  , 1
29.91  , 1
63.26  , 1
37.28  , 1
58.37  , 1
3.83   , 1
36.71  , 1
44.58  , 1
18.03  , 1
92.0   , 1
90.68  , 1
63.11  , 1
72.41  , 1
87.46  , 1
23.31  , 1
83.0   , 1
12.21  , 1
31.53  , 1
43.9   , 1
47.42  , 1
8.49   , 1
